縣市,鄉鎮市區,門市店號,門市店名,地址
,,,,
台北市,中正區,4227,北市秋葉原店,100台北市中正區八德路一段82巷10號
台北市,中正區,3625,北市正童店,100台北市中正區中山南路8號B1
台北市,中正區,3576,北市正光店,100台北市中正區市民大道三段8號
台北市,中正區,4199,北市古亭店,100台北市中正區辛亥路一段17巷2號及19號
台北市,中正區,E182,北市和平店,100台北市中正區延平南路210號
台北市,中正區,4898,中正大忠門,100台北市中正區信義路一段13之1號一樓
台北市,中正區,2457,北市正泉店,100台北市中正區泉州街31、33號、寧波西街104號一樓
台北市,中正區,2284,北市正台店,100台北市中正區常德街1號
台北市,中正區,3936,北市台大店,100台北市中正區常德街1號B1
台北市,中正區,4096,北市正忠店,100台北市中正區梅花里８鄰忠孝東路一段３５號一樓全部
台北市,中正區,2895,北市正東店,100台北市中正區紹興南街4之12號
台北市,中正區,3768,北市司法店,100台北市中正區博愛路 131號B1
台北市,中正區,4321,北市高院店,100台北市中正區博愛路127號
台北市,中正區,3611,北市正慶店,100台北市中正區衡陽路103號
台北市,中正區,3934,北市正寶店(暫歇中),100台北市中正區寶慶路35號
台北市,大同區,2845,北市同京店,103台北市大同區西寧北路35號
台北市,大同區,3633,北市延年店,103台北市大同區延平北路3段40號
台北市,大同區,2792,北市同達店,103台北市大同區延平北路二段114.116.118號及民生西路335號
台北市,大同區,D010,北市延平店,103台北市大同區延平北路二段255-1號
台北市,大同區,3685,北市京承店,103台北市大同區承德路一段1號
台北市,大同區,3683,北市京站店,103台北市大同區承德路一段1號
台北市,大同區,4232,北市同承店,103台北市大同區承德路三段284及286號
台北市,大同區,2389,北市同吉店,103台北市大同區昌吉街63號
台北市,大同區,3088,北市同蝶店,103台北市大同區南京西路30號
台北市,大同區,3570,北市雙蝶店,103台北市大同區南京西路64巷9弄2號
台北市,大同區,2707,北市同密店,103台北市大同區哈密街59巷21號
台北市,大同區,E090,北市迪化店,103台北市大同區迪化街一段50號
台北市,大同區,3080,北市同安店,103台北市大同區重慶北路一段63號
台北市,大同區,3686,北市圓捷店,103台北市大同區酒泉街15號
台北市,中山區,B044,北市中山店,104台北市中山區中山北路二段137巷2號
台北市,中山區,4472,中山逸仙店,104台北市中山區中山北路二段48巷7號B1(4號店鋪)
台北市,中山區,4728,中山國賓店,104台北市中山區中山北路二段65巷6號1、2樓
台北市,中山區,4957,中山美妍店,104台北市中山區中山北路二段93巷5及5-1號 
台北市,中山區,3225,北市大同店,104台北市中山區中山北路三段40號
台北市,中山區,B098,北市中原二店,104台北市中山區中原街77號
台北市,中山區,3449,北市山擎店,104台北市中山區天祥路70號
台北市,中山區,B048,北市民生店,104台北市中山區民生西路2號
台北市,中山區,B876,北市馬偕店,104台北市中山區民生西路3巷2號
台北市,中山區,4931,中山合江店,104台北市中山區合江街61巷1號1樓全部
台北市,中山區,4883,中山八達店,104台北市中山區林森北路107巷86號1樓全部
台北市,中山區,4647,中山晶華店,104台北市中山區林森北路258號
台北市,中山區,3899,北市永捷店,104台北市中山區松江路27號
台北市,中山區,4055,北市長松店,104台北市中山區松江路50號
台北市,中山區,L518,車麗屋松江店,104台北市中山區松江路550號
台北市,中山區,2407,北市山寧店,104台北市中山區長安東路二段171-7號
台北市,中山區,2425,北市山華店,104台北市中山區長春路208號
台北市,中山區,2860,北市山德店,104台北市中山區德惠街109號
台北市,中山區,2051,北市新喜店,104台北市中山區德惠街167巷2號
台北市,中山區,4752,中山錦東店,104台北市中山區錦州街32之1號及32之2號
台北市,中山區,4551,中山榮耀店,104台北市中山區龍江路333號及331巷1號
台北市,中山區,4640,中山力行店,104台北市中山區龍江路47號
台北市,松山區,2797,北市松育店,105台北市松山區八德路3段119號
台北市,松山區,B156,北市敦化店,105台北市松山區八德路三段12巷51弄2號
台北市,松山區,B157,北市民權二店,105台北市松山區民權東路五段32號
台北市,松山區,3536,北市松柏店,105台北市松山區光復北路102號
台北市,松山區,4519,松山無雙店,105台北市松山區光復南路13巷16號
台北市,松山區,4969,松山延吉店,105台北市松山區延吉街44號1樓全部
台北市,松山區,3395,北市松清店,105台北市松山區南京東路5段250巷3-1號
台北市,松山區,3656,北市寶德店,105台北市松山區南京東路5段61號及63號
台北市,松山區,4865,松山新聚店,105台北市松山區南京東路五段250巷18弄20、20之1號
台北市,松山區,2451,北市松華店,105台北市松山區南京東路五段34號
台北市,松山區,2506,北市松康店,105台北市松山區健康路325巷12弄2號
台北市,松山區,4234,北市新樸實店,105台北市松山區寧安街12號(育達高職樸實樓一樓107教室)
台北市,松山區,3731,北市家聲店,105台北市松山區寧安街12號
台北市,松山區,2690,北市松遠店,105台北市松山區撫遠街369巷36號
台北市,松山區,4740,松山撫遠店,105台北市松山區撫遠街394巷1號、3號
台北市,松山區,2169,北市饒河店,105台北市松山區饒河街35號
台北市,大安區,4936,大安仁醫店,106台北市大安區仁愛路四段10號B1
台北市,大安區,2316,北市安國店,"106台北市大安區光復南路290巷25號,25-1號"
台北市,大安區,4177,北市居安店,106台北市大安區安居街15號
台北市,大安區,4473,大安學霸店,106台北市大安區辛亥路三段30號(研三宿舍)
台北市,大安區,2479,北市安華店,106台北市大安區延吉街131巷43號
台北市,大安區,4987,大安東區店,106台北市大安區延吉街160巷11號
台北市,大安區,2793,北市安皓店,106台北市大安區忠孝東路4段181巷8號
台北市,大安區,3351,北市安孝店,106台北市大安區忠孝東路三段287號
台北市,大安區,2001,北市杭州店,106台北市大安區杭州南路二段5號
台北市,大安區,2639,北市安建店,106台北市大安區建國南路一段337號
台北市,大安區,4513,大安人生店,106台北市大安區基隆路三段155巷57號(臺大癌醫中心醫院)
台北市,大安區,4803,大安台科大店,106台北市大安區基隆路四段43號(第一學生宿舍1樓B區)
台北市,大安區,3979,北市安興店,106台北市大安區復興南路2段148號1樓全部
台北市,大安區,2421,北市安復店,106台北市大安區復興南路一段135巷21號
台北市,大安區,3271,北市臨江店,106台北市大安區臨江街40巷2號
台北市,大安區,2182,北市羅斯福店,106台北市大安區羅斯福路二段75之1號
台北市,大安區,4633,大安溫州店,106台北市大安區羅斯福路三段283巷11號一樓
台北市,大安區,4726,大安新台大店,106台北市大安區羅斯福路四段1號
台北市,萬華區,4812,萬華內江店,108台北市萬華區內江街126、128號一樓
台北市,萬華區,4226,北市民和店,108台北市萬華區民和街10及12號
台北市,萬華區,4249,北市華園店,108台北市萬華區西園路一段168、170號
台北市,萬華區,3908,北市萬鑫店,108台北市萬華區西園路二段134、136、138號
台北市,萬華區,E968,北市獅子林店,"108台北市萬華區西寧南路36之69,71.72.73.74號"
台北市,萬華區,3497,北市萬寧店,108台北市萬華區長沙街二段50號
台北市,萬華區,E119,北市梧州店,108台北市萬華區梧州街29號
台北市,萬華區,3761,北市鑫梧店,108台北市萬華區梧州街55號
台北市,萬華區,4159,北市班客店,108台北市萬華區廣州街247號
台北市,萬華區,4082,北市華德店,108台北市萬華區德昌街241、243、245號
台北市,萬華區,4461,萬華環州店,108台北市萬華區環河南路二段96號1樓及2樓全部，98號1樓部份
台北市,萬華區,3597,北市艋舺店,108台北市萬華區雙園街69號
台北市,信義區,2982,北市信北店,110台北市信義區中坡北路17.19號
台北市,信義區,4556,信義首府店,110台北市信義區市府路1號(B2便利生活空間)
台北市,信義區,V002,首府和盟店,110台北市信義區市府路1號B2
台北市,信義區,2729,北市信吉店,110台北市信義區永吉路125號一樓
台北市,信義區,B643,北市松永店,110台北市信義區永吉路280號
台北市,信義區,B056,北市林口店,110台北市信義區林口街36號
台北市,信義區,3301,北市信誠店,110台北市信義區松山路537號及541巷1號
台北市,信義區,2638,北市信德店,110台北市信義區虎林街164巷60弄2號一樓
台北市,信義區,4850,信義虎林店,110台北市信義區虎林街242巷50號、52號
台北市,信義區,4168,北市101店,110台北市信義區信義路5段20號
台北市,信義區,2782,北市信彩店,"110台北市信義區基隆路一段350之41,43號一樓"
台北市,士林區,3471,北市士大店,111台北市士林區大東路7號
台北市,士林區,3062,北市士銓店,111台北市士林區中山北路七段186號
台北市,士林區,4108,北市天福店,111台北市士林區中山北路六段431之4號1樓
台北市,士林區,3509,北市士海店,111台北市士林區延平北路9段212號
台北市,士林區,D043,北市延平二店,111台北市士林區延平北路五段138號
台北市,士林區,4683,士林大宮町店,111台北市士林區承德路四段130號及後港街37號
台北市,士林區,4884,士林承德店,111台北市士林區承德路四段80巷57號、劍潭路62號一樓全部(含地下室)
台北市,士林區,A753,北市開利店,"111台北市士林區社子街142,144號"
台北市,士林區,A163,北市社子店,111台北市士林區社子街63巷2號
台北市,士林區,A067,北市社正店,111台北市士林區社正路27號
台北市,士林區,2755,北市士慶店,111台北市士林區社正路75號
台北市,士林區,4878,士林陽明店,111台北市士林區雨聲街105號
台北市,士林區,4418,士林花好店,111台北市士林區重慶北路四段78號及80號
台北市,士林區,4574,士林月圓店,111台北市士林區磺溪街23號一樓全部
台北市,北投區,4313,北市地熱谷店,112台北市北投區中山路28之5、28之6號地下二層
台北市,北投區,2528,北市北天店,112台北市北投區中央北路4段8號
台北市,北投區,3630,北市政戰店,112台北市北投區中央北路二段70號
台北市,北投區,2673,北市北崗店,112台北市北投區中央北路三段４４、４６號
台北市,北投區,3707,北市奇岩店,112台北市北投區中央南路二段5號及7號
台北市,北投區,4498,北投希望店,112台北市北投區中和街399-5 399-6號
台北市,北投區,4643,北投火山店,112台北市北投區中和街504號及中和街506號、508號
台北市,北投區,4956,北投立農店,112台北市北投區立農街二段292、294號及義理街96號 
台北市,北投區,3118,北市北功店,112台北市北投區立德路60號及立功街135號
台北市,北投區,4561,北投行義店,112台北市北投區行義路128-1號
台北市,北投區,4124,北市紗帽店,112台北市北投區行義路142-1及142-3號B1
台北市,北投區,4320,北市護大店,112台北市北投區明德路365號
台北市,北投區,3034,北市關渡店,112台北市北投區知行路314號、316巷2號
台北市,北投區,3969,北市北清店,112台北市北投區清江路53及55號
台北市,北投區,3607,北市北裕店,112台北市北投區裕民六路120號
台北市,北投區,3257,北市北武店,112台北市北投區學園路2號
台北市,北投區,4468,北投北戰店,112台北市北投區學園路2號
台北市,北投區,A186,北市懷德店,112台北市北投區懷德街5號
台北市,內湖區,4161,北市湖月店,114台北市內湖區大湖山莊街179號1樓
台北市,內湖區,3870,北市米蘭店,114台北市內湖區內湖路一段120巷16號一樓全部
台北市,內湖區,4951,北市西湖店,114台北市內湖區內湖路一段217巷37號
台北市,內湖區,4893,內湖湖人店,114台北市內湖區內湖路一段285巷65弄17、19號
台北市,內湖區,L505,車麗屋內湖店,114台北市內湖區內湖路一段366號
台北市,內湖區,4211,北市湖康店,114台北市內湖區文湖街21巷26、28號1樓
台北市,內湖區,4592,內湖紫陽店,114台北市內湖區文德路210巷30弄6、8、10號一樓
台北市,內湖區,3735,北市宏普店,114台北市內湖區民權東路6段117號
台北市,內湖區,2132,北市明湖店,114台北市內湖區民權東路6段296巷68號
台北市,內湖區,2020,北市國醫店,114台北市內湖區民權東路六段123巷30、32號
台北市,內湖區,4103,北市國防店,114台北市內湖區民權東路六段１６１號
台北市,內湖區,2397,北市權湖店,114台北市內湖區民權東路六段58號
台北市,內湖區,A318,北市民東店,"114台北市內湖區民權東路六段69,71,75號"
台北市,內湖區,4935,內湖安泰店,114台北市內湖區安泰街31號一樓
台北市,內湖區,4754,內湖安康店,114台北市內湖區安康路142號一樓
台北市,內湖區,A708,北市內湖二店,114台北市內湖區成功路二段318之1號
台北市,內湖區,4053,北市亞緹店,114台北市內湖區江南街111號
台北市,內湖區,L506,車麗屋行忠店,114台北市內湖區行忠路67號
台北市,內湖區,A896,北市麥帥店,114台北市內湖區行善路33及31號
台北市,內湖區,2006,北市金湖店,114台北市內湖區金湖路403號
台北市,內湖區,4097,北市金碧店,114台北市內湖區金龍路64、66號壹樓全部
台北市,內湖區,4644,內湖樂康店,114台北市內湖區康樂街136巷18弄1號1樓
台北市,內湖區,A311,北市康樂二店,114台北市內湖區康樂街92號
台北市,內湖區,3836,北市湖玉店,114台北市內湖區陽光街298號一樓部份
台北市,內湖區,2190,北市陽光店,114台北市內湖區陽光街347號
台北市,內湖區,4158,北市新明店,114台北市內湖區新明路241、241-1號
台北市,內湖區,4851,內湖愛湖店,114台北市內湖區新湖二路259巷6號一樓全部
台北市,內湖區,4160,北市湖元店,114台北市內湖區新湖三路36號1樓
台北市,內湖區,2228,北市湖光店,114台北市內湖區瑞光路188巷60號
台北市,內湖區,3750,北市湖鑽店,114台北市內湖區瑞光路５０２號１樓
台北市,內湖區,2233,北市湖森店,114台北市內湖區瑞光路66巷33號
台北市,內湖區,3206,北市湖潤店,114台北市內湖區舊宗路一段188號
台北市,南港區,2569,北市港北店,115台北市南港區中坡北路50巷1號
台北市,南港區,B378,北市港成店,115台北市南港區玉成街27號
台北市,南港區,3995,北市港運店,115台北市南港區玉成街52巷2弄3號1樓全部、5號1樓
台北市,南港區,4914,南港合心店,115台北市南港區玉成街82號一樓
台北市,南港區,3340,北市港醫店,115台北市南港區同德路87號
台北市,南港區,4838,南港成福店,115台北市南港區成福路38號、40號一樓
台北市,南港區,B011,北市南港二店,115台北市南港區忠孝東路七段639號
台北市,南港區,B042,北市南港三店,115台北市南港區忠孝東路六段252號
台北市,南港區,B344,北市昆陽店,115台北市南港區昆陽街99號
台北市,南港區,2597,北市港漢店,"115台北市南港區南港路二段2,4號"
台北市,南港區,4657,南港慈祐宮店,115台北市南港區南港路三段358、360號一樓
台北市,南港區,4092,北市港玉店,115台北市南港區南港路三段8、10號一樓全部
台北市,南港區,3748,北市港宏店,115台北市南港區研究院路二段110號一樓
台北市,南港區,4383,北市園區店,115台北市南港區重陽路472號一樓
台北市,南港區,4265,北市經貿店,115台北市南港區經貿二路235巷36號1樓
台北市,南港區,3629,北市港南店,115台北市南港區舊莊街一段212巷2號一樓全部
台北市,文山區,4617,文山心動店,116台北市文山區木柵路一段168、170號
台北市,文山區,C348,北市世新店,116台北市文山區木柵路一段8號
台北市,文山區,4973,北市日出店,116台北市文山區木柵路二段4號
台北市,文山區,4527,文山大王店,116台北市文山區木新路二段141、143號
台北市,文山區,C055,北市木新二店,116台北市文山區木新路三段232巷6弄18號
台北市,文山區,2175,北市指南店,116台北市文山區指南路二段32號
台北市,文山區,3966,北市政學店,116台北市文山區指南路二段64號(自強十舍)
台北市,文山區,4986,北市痴心店,116台北市文山區指南路二段64號(商學院一樓部分)
台北市,文山區,3951,北市貓空店,116台北市文山區指南路三段38巷35號
台北市,文山區,2385,北市文福店,116台北市文山區景福街230巷2號
台北市,文山區,4958,文山景興店,116台北市文山區景興路10巷2號1樓
台北市,文山區,3760,北市小貓熊店,116台北市文山區新光路二段３０號
台北市,文山區,2133,北市試院店,116台北市文山區試院路104號
台北市,文山區,2419,北市文武店,116台北市文山區羅斯福路五段203號
基隆市,仁愛區,3128,基隆隆五店,200基隆市仁愛區仁五路35號一樓
基隆市,仁愛區,4554,基隆港西店,200基隆市仁愛區港西街11號一樓
基隆市,仁愛區,4251,基隆東岸店,200基隆市仁愛區愛三路130號
基隆市,仁愛區,2666,基隆旭隆店,200基隆市仁愛區精一路1號
基隆市,信義區,4813,基隆微笑店,201基隆市信義區孝東路92號地下一層之9
基隆市,信義區,4475,基隆風雲店,201基隆市信義區東光路30之4號、30之5號
基隆市,中正區,L504,車麗屋基隆店,202基隆市中正區中正路58號
基隆市,暖暖區,3643,基隆隆碇店,205基隆市暖暖區源遠路243號一樓全部
基隆市,七堵區,4702,基隆家鄉店,206基隆市七堵區百七街72、74號一樓
基隆市,七堵區,3398,基隆百福店,"206基隆市七堵區百五街43號,福二街206號"
基隆市,七堵區,4273,基隆七堵店,206基隆市七堵區實踐路182號1樓
新北市,金山區,2267,北縣金陽店,208新北市金山區中正路26號
新北市,板橋區,4126,板橋文聖店,220新北市板橋區大同街29號一樓全部及31號一樓全部
新北市,板橋區,2422,北縣板億店,220新北市板橋區大觀路3段160巷31弄1號
新北市,板橋區,D609,北縣大興店,220新北市板橋區大觀路二段142之2號
新北市,板橋區,L501,車麗屋板橋店,220新北市板橋區中山路一段279號
新北市,板橋區,3183,北縣板好店,220新北市板橋區中正路341巷37號
新北市,板橋區,3853,北縣板玉店,220新北市板橋區互助街48號一樓全部及50號一樓及地下室全部
新北市,板橋區,3962,板橋民仁店,220新北市板橋區仁化街186號一樓全部
新北市,板橋區,2069,北縣江翠店,220新北市板橋區文化路二段408號
新北市,板橋區,D767,北縣寶翠店,220新北市板橋區文化路二段439之1號
新北市,板橋區,2224,北縣板莒店,220新北市板橋區文化路二段78號
新北市,板橋區,3752,北縣豫章店,220新北市板橋區四川路一段391號1F
新北市,板橋區,3977,板橋玉川店,220新北市板橋區四川路一段483一樓、485號一、二、三樓
新北市,板橋區,3965,板橋民治店,220新北市板橋區民治街57巷2號、59號
新北市,板橋區,3551,北縣板豐店,220新北市板橋區永豐街51-1.51-2號一樓全部
新北市,板橋區,4422,板橋合安店,220新北市板橋區合安一路61號一樓全部
新北市,板橋區,4680,板橋江寧店,220新北市板橋區江寧路三段49、51號一樓
新北市,板橋區,D072,北縣僑福店,220新北市板橋區幸褔路70巷1號
新北市,板橋區,D111,北縣府中店,220新北市板橋區府中路24號
新北市,板橋區,4167,板橋松翠店,220新北市板橋區松江街52、54號1樓
新北市,板橋區,3818,北縣漢江店,220新北市板橋區長江路2段2號一樓
新北市,板橋區,2995,北縣板雅店,220新北市板橋區南雅東路100巷3號一樓
新北市,板橋區,D349,北縣成都店(暫歇中),220新北市板橋區重慶路245巷61號
新北市,板橋區,3416,北縣板鑽店,220新北市板橋區國慶路180號
新北市,板橋區,2154,北縣板莊店,220新北市板橋區莊敬路248號
新北市,板橋區,3399,北縣板成店,220新北市板橋區莊敬路77號
新北市,板橋區,4406,板橋稚暉店,220新北市板橋區貴興路89號、91號一樓
新北市,板橋區,3147,北縣板明店,220新北市板橋區陽明街52號+自由路1號
新北市,板橋區,3955,板橋海龍店,220新北市板橋區新海路393、395號一樓全部
新北市,板橋區,4046,板橋福康店,220新北市板橋區僑中一街124巷11弄1、3號一樓全部
新北市,板橋區,D161,北縣僑中三店,220新北市板橋區僑中一街125巷8弄2號
新北市,板橋區,4145,板橋僑興店,220新北市板橋區僑中二街104巷1、3號一樓部份
新北市,板橋區,2403,北縣板龍店,220新北市板橋區龍興街73巷2、4號1樓
新北市,板橋區,2221,北縣板雙店,220新北市板橋區雙十路三段12、14、16號
新北市,板橋區,2746,北縣板嘉店,220新北市板橋區雙十路三段29號
新北市,板橋區,4983,板橋藝文店,220新北市板橋區藝文街171號一樓
新北市,汐止區,4568,汐止千萬店,221新北市汐止區汐萬路一段409、411號一樓
新北市,汐止區,4837,汐止夢湖店,221新北市汐止區汐萬路三段246號1樓
新北市,汐止區,2912,北縣汐忠店,221新北市汐止區忠三街19號
新北市,汐止區,2312,北縣五堵店,221新北市汐止區保一街41號
新北市,汐止區,2189,北縣北山店,221新北市汐止區南陽街261號
新北市,汐止區,4663,汐止南興店,221新北市汐止區南興路58號1樓
新北市,汐止區,A225,北縣連興店,221新北市汐止區連興街26號
新北市,汐止區,3822,北縣遠科店,221新北市汐止區新台五路一段75號B1
新北市,汐止區,3788,北縣汐科店,221新北市汐止區新台五路一段94號一樓(東方科學園區)
新北市,汐止區,2642,北縣汐福店,221新北市汐止區福德一路270號
新北市,汐止區,A299,北縣宏福店,"221新北市汐止區福德一路6,10號"
新北市,汐止區,4512,汐止思鄉店,221新北市汐止區樟樹一路153號
新北市,汐止區,4950,汐止早安店,221新北市汐止區樟樹二路289、291號一樓
新北市,深坑區,2508,北縣深北店,222新北市深坑區北深路二段57/59/61號
新北市,石碇區,4308,石碇華梵店,223新北市石碇區華梵路1號
新北市,石碇區,2292,北縣碇晨店,223新北市石碇區碇坪路一段130號1樓
新北市,瑞芳區,4347,瑞芳瑞濱店,224新北市瑞芳區瑞濱路67號1樓部份
新北市,新店區,C034,北縣建國店,231新北市新店區中正路282之10號
新北市,新店區,2353,北縣新元店,231新北市新店區中興路3段304號
新北市,新店區,3441,北縣新戰店,231新北市新店區安民街136號
新北市,新店區,3973,新店天廈店,231新北市新店區安民街336號及安和路二段205巷6號
新北市,新店區,C769,北縣新和店,231新北市新店區安和路三段60之1號
新北市,新店區,C117,北縣建國二店,231新北市新店區建國路154號
新北市,新店區,3534,北縣新國店,231新北市新店區建國路43號及建安街1號
新北市,新店區,4013,新店名揚店,231新北市新店區新和街77號及79號
新北市,新店區,4714,新店全球店,231新北市新店區寶橋路235巷128號
新北市,永和區,4697,永和光民店,234新北市永和區中正路144、146號一樓到四樓
新北市,永和區,2380,北縣永富店,234新北市永和區永平路164號
新北市,永和區,2941,北縣永任店,234新北市永和區永和路二段217號
新北市,永和區,3968,永和永寧店,234新北市永和區永貞路158號及160號
新北市,永和區,4019,永和永霖店,234新北市永和區竹林路65號
新北市,永和區,3941,永和興工店(暫歇中),234新北市永和區秀朗路1段201號
新北市,永和區,3082,北縣永遠店,234新北市永和區福和路7巷11弄16號
新北市,中和區,4573,中和浪漫店,235新北市中和區工專路38號
新北市,中和區,C672,北縣橋安店,235新北市中和區中山路2段352號
新北市,中和區,C660,北縣嘉和店,235新北市中和區中和路414號
新北市,中和區,3569,北縣飛和店,235新北市中和區中板路27號
新北市,中和區,C388,北縣水源店,235新北市中和區水源路73號
新北市,中和區,4748,中和霸氣店,235新北市中和區民德路163、165、167、169號
新北市,中和區,4008,中和力德店,235新北市中和區立德街26巷1號及28號
新北市,中和區,4770,中和嘉德店,235新北市中和區安平路89-2、89-3號
新北市,中和區,2911,北縣和大店,235新北市中和區自立路20巷1號
新北市,中和區,3318,北縣自治店,235新北市中和區自治街38號及40號
新北市,中和區,4970,中和一品苑,235新北市中和區宜安路36、38號
新北市,中和區,2171,北縣興南店,235新北市中和區信義街50號
新北市,中和區,C894,北縣遠東店,235新北市中和區建八路116號
新北市,中和區,2062,北縣員山店,235新北市中和區員山路502-7號
新北市,中和區,2180,北縣員山二店,235新北市中和區員山路581巷2號
新北市,中和區,3913,中和和玉店,235新北市中和區員山路84、86、88號一樓
新北市,中和區,2398,北縣和泰店,235新北市中和區泰和街10號
新北市,中和區,C192,北縣福美店,235新北市中和區莊敬路29號
新北市,中和區,C052,北縣連城店,235新北市中和區連城路47巷1號
新北市,中和區,C742,北縣平安店,235新北市中和區景安路152號
新北市,中和區,4536,中和景德店,235新北市中和區景德街91號
新北市,中和區,3883,中和和竹店,235新北市中和區華新街143巷12號
新北市,中和區,2570,北縣和圓店(暫歇中),235新北市中和區圓通路2.4.6.號
新北市,中和區,4020,中和連勝店,235新北市中和區新生街225號及227號
新北市,中和區,C216,北縣南勢店,235新北市中和區興南路二段116、118號
新北市,土城區,D633,北縣頂埔店,236新北市土城區中央路4段56號
新北市,土城區,4279,土城城央店,236新北市土城區中央路一段263號1樓全部
新北市,土城區,2367,北縣城正店,236新北市土城區中正路8號
新北市,土城區,L502,車麗屋土城店,236新北市土城區中華路一段218號
新北市,土城區,3598,北縣國美店,236新北市土城區延吉街300號及302號
新北市,土城區,3029,北縣城吉店,236新北市土城區延吉街96號
新北市,土城區,3920,土城城隆店,236新北市土城區延和路66號及68號
新北市,土城區,3767,北縣德霖店,236新北市土城區青雲路380巷1號
新北市,土城區,4392,土城哲青店,236新北市土城區青雲路589號及589之1號
新北市,土城區,4523,土城童話店,236新北市土城區清水路219號
新北市,土城區,3521,北縣城士店,236新北市土城區裕民路240號及242號
新北市,土城區,4599,土城城生店,236新北市土城區裕生路86巷2號及86巷4號
新北市,土城區,3993,土城學成店,236新北市土城區學成路80號及82號
新北市,土城區,3779,北縣城府店,236新北市土城區學府路一段139及141號
新北市,三峽區,4886,三峽金牛角,237新北市三峽區大仁路30、32號一樓
新北市,三峽區,3419,北縣三勇店,237新北市三峽區大勇路2之1號
新北市,三峽區,4453,三峽隆慶店,237新北市三峽區大學路17號及19號壹樓全部
新北市,三峽區,2756,北縣三峽店,237新北市三峽區中正路一段75-1號
新北市,三峽區,2672,北縣三埔店,237新北市三峽區中正路二段331之1號
新北市,三峽區,4203,三峽正圓店,237新北市三峽區中園街237號一樓全部
新北市,三峽區,4380,三峽紫微店,237新北市三峽區正義街2號
新北市,三峽區,4642,三峽長泰店,237新北市三峽區長泰街80號、82號、84號及78巷1弄1號、3號
新北市,三峽區,4989,三峽尊龍店,237新北市三峽區復興路176號1樓全部
新北市,樹林區,2128,北縣樹俊店,238新北市樹林區三俊街254號
新北市,樹林區,3529,北縣樹鑽店,238新北市樹林區三俊街72-1號
新北市,樹林區,2291,北縣樹興店,238新北市樹林區千歲街90號
新北市,樹林區,D642,北縣樹正店,238新北市樹林區中正路791及789號
新北市,樹林區,3407,北縣樹宏店,238新北市樹林區中興街60號及中山路108巷57號
新北市,樹林區,2273,北縣樹太店,238新北市樹林區太平路150巷38號
新北市,樹林區,4327,樹林佳園店,238新北市樹林區佳園路三段101巷80弄3號
新北市,樹林區,3403,北縣樹佳店,238新北市樹林區味王街3號及7號
新北市,樹林區,3842,北縣樹玉店,"238新北市樹林區忠孝街45號,47號,49號"
新北市,樹林區,3658,北縣樹榮店,238新北市樹林區東榮街123號及125號
新北市,樹林區,2298,北縣樹愛店,238新北市樹林區保安街一段18-3號
新北市,樹林區,4162,樹林保安店,238新北市樹林區保安街二段293-1號及293號壹樓
新北市,樹林區,4284,樹林樹工店,238新北市樹林區保安街二段33+35號1樓全部
新北市,樹林區,4129,樹林樹園店,238新北市樹林區柑園街一段190號
新北市,樹林區,2527,北縣樹東店,238新北市樹林區柑園街一段49號
新北市,樹林區,4255,樹林慶園店,"238新北市樹林區柑園街二段278號,280號"
新北市,樹林區,4649,樹林風櫃店,238新北市樹林區備內街26號
新北市,樹林區,4412,樹林嘉聯店,238新北市樹林區博愛街248號B1
新北市,樹林區,2887,北縣樹博店,238新北市樹林區博愛街86號
新北市,鶯歌區,2097,北縣大湖店,239新北市鶯歌區大湖路366號及中湖街2號
新北市,鶯歌區,3347,北縣鶯國店,"239新北市鶯歌區大湖路532,534號"
新北市,鶯歌區,4591,鶯歌大哥店,239新北市鶯歌區中正三路304、308號、306號、310號
新北市,鶯歌區,4432,鶯歌東正店,239新北市鶯歌區中正三路37號及39、41號
新北市,鶯歌區,4518,鶯歌龍正店,239新北市鶯歌區尖山路188及190號
新北市,鶯歌區,D607,北縣鶯歌店,239新北市鶯歌區重慶街29號
新北市,鶯歌區,2605,北縣鶯駿店,239新北市鶯歌區德昌街50號
新北市,鶯歌區,4188,鶯歌鳳鳴店,239新北市鶯歌區鶯桃路547號及549號
新北市,三重區,3890,三重美堤店,241新北市三重區二重疏洪道疏洪十六路重新橋下
新北市,三重區,D335,北縣力福店,241新北市三重區力行路二段51及53號
新北市,三重區,D024,北縣三民店,"241新北市三重區三民街100,102號"
新北市,三重區,D346,北縣三和二店,241新北市三重區三和路三段137號
新北市,三重區,D350,北縣仁和店,241新北市三重區三和路四段233號
新北市,三重區,2399,北縣重民店,241新北市三重區三陽路59號
新北市,三重區,4184,三重今大店,241新北市三重區大仁街52號
新北市,三重區,2543,北縣重大店,241新北市三重區大仁街78號
新北市,三重區,D248,北縣大同北店,241新北市三重區大同北路91號                          
新北市,三重區,4134,三重重南店,241新北市三重區大同南路148號1樓
新北市,三重區,2321,北縣重鑫店,"241新北市三重區大同南路153,153-1號"
新北市,三重區,2302,北縣重安店,241新北市三重區大同南路69號
新北市,三重區,4836,三重阿勇店,241新北市三重區大勇街82巷2號壹樓全部及4號壹樓部份
新北市,三重區,4539,三重自信店,241新北市三重區大智街22號及24號
新北市,三重區,2303,北縣重玉店,241新北市三重區中央北路132號
新北市,三重區,2935,北縣重錦店,241新北市三重區中央北路2號
新北市,三重區,2042,北縣中央北店,241新北市三重區中央北路68號
新北市,三重區,4083,三重重宜店,241新北市三重區中央南路74號
新北市,三重區,D649,北縣中陽店,241新北市三重區中正北路105號
新北市,三重區,3983,三重星光店,241新北市三重區中正北路25巷5號及7號
新北市,三重區,4652,三重天富店,241新北市三重區中正北路278、280及282號
新北市,三重區,4155,三重重賓店,241新北市三重區中正北路415號及417號1樓全部
新北市,三重區,D390,北縣中正北店,241新北市三重區中正北路518號
新北市,三重區,2014,北縣中陽二店,241新北市三重區中正北路66號
新北市,三重區,2259,北縣重鈴店,241新北市三重區中華路18號
新北市,三重區,2837,北縣重萬店,241新北市三重區中華路92號及94號
新北市,三重區,D087,北縣中興北店,241新北市三重區中興北街134號
新北市,三重區,4977,三重初戀店,241新北市三重區中興北街153號
新北市,三重區,D138,北縣中興二店,"241新北市三重區中興北街195,197號"
新北市,三重區,D191,北縣中興三店,241新北市三重區中興北街42號
新北市,三重區,D194,北縣五華三店,241新北市三重區五華街60號
新北市,三重區,4210,三重福華店,241新北市三重區五華街70號
新北市,三重區,2759,北縣重化店,241新北市三重區仁化街118.120號
新北市,三重區,3811,北縣仁安店,241新北市三重區仁安街2號
新北市,三重區,4098,三重美慈店,241新北市三重區仁美街96巷1號1樓全部
新北市,三重區,D620,北縣三愛三店,241新北市三重區仁愛街253號
新北市,三重區,4191,三重溪美店,241新北市三重區仁愛街331號
新北市,三重區,4196,三重慈化店,241新北市三重區仁愛街382號及慈愛街201號、203號
新北市,三重區,4397,三重仁旺店,241新北市三重區仁愛街72號一樓
新北市,三重區,4241,三重興義店,241新北市三重區仁義街12號壹樓部份及仁興街39巷37號壹樓部份
新北市,三重區,4784,三重五順店,241新北市三重區仁義街192號及196號 +194號 
新北市,三重區,4352,三重公園店,241新北市三重區仁興街28巷44、46號
新北市,三重區,2619,北縣重盈店,241新北市三重區文化北路10號
新北市,三重區,4312,三重文化店,241新北市三重區文化北路116號一樓
新北市,三重區,4586,三重三文店,241新北市三重區文化北路224巷1號及3號
新北市,三重區,4799,三重福利店,241新北市三重區文化南路30及32號
新北市,三重區,D028,北縣正義店,241新北市三重區正義北路280號
新北市,三重區,2349,北縣重永店,241新北市三重區永福街11號
新北市,三重區,2222,北縣重福店,241新北市三重區永福街256及258號
新北市,三重區,3957,三重福仁店,241新北市三重區永福街97號及99號
新北市,三重區,3601,北縣重富店,241新北市三重區光復路一段85、85-2號
新北市,三重區,4698,三重頂崁店,241新北市三重區光復路二段117之1號
新北市,三重區,4560,三重大院店,241新北市三重區安和路105號
新北市,三重區,3362,北縣重武店,241新北市三重區安慶街203之1號
新北市,三重區,2209,北縣重強店,"241新北市三重區自強路一段164,166號"
新北市,三重區,3623,北縣重國店,241新北市三重區自強路二段74巷1號及特76號
新北市,三重區,D195,北縣車路頭店,241新北市三重區車路頭街35號
新北市,三重區,3676,北縣田心店,241新北市三重區忠孝路三段50巷98號
新北市,三重區,4388,三重薔薇店,241新北市三重區後竹圍街177+179號
新北市,三重區,2191,北縣三重店,241新北市三重區重新路2段29號
新北市,三重區,3741,北縣重樂店,241新北市三重區重新路三段2號
新北市,三重區,3359,北縣金陵店,241新北市三重區重新路五段656號
新北市,三重區,3627,北縣重集店,241新北市三重區重新路四段176號
新北市,三重區,D070,北縣重新店,241新北市三重區重新路四段244巷40號
新北市,三重區,4804,三重國隆店,241新北市三重區國隆路19、21、23號 
新北市,三重區,3796,北縣進安店,241新北市三重區進安街76號
新北市,三重區,4260,三重重高店,241新北市三重區集美街211、213號一樓全部
新北市,三重區,3772,北縣富美店,241新北市三重區溪尾街１０８巷５８號
新北市,三重區,D057,北縣溪尾二店,241新北市三重區溪尾街122號
新北市,三重區,D022,北縣溪尾店,241新北市三重區溪尾街192號
新北市,三重區,4101,三重美華店,241新北市三重區溪尾街293號及295號
新北市,三重區,4340,三重德福店,241新北市三重區福德南路29號
新北市,三重區,3840,北縣天龍店,241新北市三重區龍門路176號
新北市,三重區,4029,三重龍濱店,241新北市三重區龍濱路21號及23號
新北市,三重區,4084,三重美集店,241新北市三重區環河南路221巷14號及16號1樓全部
新北市,新莊區,3851,北縣輔園店,242新北市新莊區中正路510號
新北市,新莊區,4256,新莊文園店,242新北市新莊區中正路510號
新北市,新莊區,3358,北縣莊月店,242新北市新莊區中和街19號
新北市,新莊區,4025,新莊祐信店,242新北市新莊區中信街20號一樓全部、22號一樓部份
新北市,新莊區,4237,新莊品莊店,242新北市新莊區中原東路91號1樓
新北市,新莊區,4856,新莊小胖店,242新北市新莊區中港三街5及7號 
新北市,新莊區,4163,新莊中泉店,242新北市新莊區中誠街161號及163號一樓全部
新北市,新莊區,4341,新莊莊美店,242新北市新莊區中誠街55號1樓、53巷2號1樓
新北市,新莊區,3938,新莊鑫鴻店,242新北市新莊區化成路13、17號一樓全部
新北市,新莊區,4144,新莊頭前店,242新北市新莊區化成路414號及416號一樓全部
新北市,新莊區,4552,新莊福慧店,242新北市新莊區化成路519號一樓
新北市,新莊區,2362,北縣莊廣店,242新北市新莊區化成路85號
新北市,新莊區,3652,北縣莊民店,242新北市新莊區民樂街80、82號一樓
新北市,新莊區,3052,北縣莊玲店,242新北市新莊區自信街77號+75巷2號
新北市,新莊區,4679,新莊幸運店,242新北市新莊區幸福東路149、151號一樓
新北市,新莊區,3380,北縣莊勝店,242新北市新莊區幸福路562號
新北市,新莊區,4701,新莊昌平店,242新北市新莊區昌平街96、98號一樓
新北市,新莊區,4762,新莊巷口店,242新北市新莊區思源路419巷1弄1、3、5號
新北市,新莊區,4363,新莊富國店,242新北市新莊區富國路102號1樓
新北市,新莊區,3438,北縣莊國店,242新北市新莊區復興路二段31號
新北市,新莊區,3785,北縣莊榮店,242新北市新莊區新莊路307、309號一樓部份
新北市,新莊區,L535,田倉新樹店,242新北市新莊區新樹路204號
新北市,新莊區,2492,北縣莊年店,242新北市新莊區新豐街11號
新北市,新莊區,D174,北縣新裕店,242新北市新莊區裕民街83之6號
新北市,新莊區,4194,新莊美福店,242新北市新莊區福美街98號及福德二街57號
新北市,新莊區,3999,新莊福祐店,242新北市新莊區福壽街188、190號一樓全部
新北市,新莊區,D148,北縣福營店,"242新北市新莊區福營路336,338號"
新北市,新莊區,4228,新莊鼎豐店,242新北市新莊區頭前路125、127號一樓全部
新北市,新莊區,L516,車麗屋新莊店,242新北市新莊區頭前路1號及三重區興德路238號
新北市,新莊區,2743,北縣豐年店,242新北市新莊區豐年街118之1號
新北市,新莊區,4005,新莊雙鳳店,242新北市新莊區雙鳳路53號一樓
新北市,新莊區,2109,北縣瓊林南店,242新北市新莊區瓊林南路133號
新北市,新莊區,4208,新莊瓊泰店,242新北市新莊區瓊泰路59號及61號
新北市,泰山區,3606,北縣泰富店,243新北市泰山區明志路二段324、326號一樓
新北市,泰山區,4656,泰山新民店,243新北市泰山區新民路10、12號一樓
新北市,泰山區,3137,北縣黎明店,243新北市泰山區黎專路2-2號
新北市,林口區,4483,林口築夢店,244新北市林口區仁愛路一段619號
新北市,林口區,4538,林口童樂店,244新北市林口區仁愛路二段492-1號、492-2號
新北市,林口區,4154,林口麗園店,244新北市林口區文化一路一段52號1樓部份
新北市,林口區,L519,車麗屋林口店,244新北市林口區文化三路一段394巷12號
新北市,林口區,4834,林口大千苑店,244新北市林口區文化三路一段39巷297號1、2樓
新北市,林口區,4057,林口香澄店,244新北市林口區文化三路一段613、615號1樓全部
新北市,林口區,4715,林口捷韻店,244新北市林口區文化北路一段123號一樓
新北市,林口區,4282,林口建林店,244新北市林口區文化北路一段258號一樓
新北市,林口區,4514,林口老師店,244新北市林口區自強二街8、10號
新北市,林口區,4326,林口建安店,244新北市林口區忠孝路1號1樓
新北市,林口區,3243,北縣醒吾店,244新北市林口區粉寮路一段101號(醒吾科技大學內生活大樓一樓餐飲中心美食廣場)
新北市,林口區,3878,林口清梅店,244新北市林口區湖北里湖子48號之1壹樓部份
新北市,蘆洲區,3929,蘆洲蘆鑫店,247新北市蘆洲區中山一路293/293-1號全部
新北市,蘆洲區,4609,蘆洲洲正店,247新北市蘆洲區中正路185巷78弄1、3號
新北市,蘆洲區,2958,北縣蘆旺店,247新北市蘆洲區正和街47號
新北市,蘆洲區,4328,蘆洲民華店,247新北市蘆洲區民族路364、366號1樓全部
新北市,蘆洲區,4755,蘆洲保新店,247新北市蘆洲區民族路504號、三民路128巷53號
新北市,蘆洲區,D193,北縣鷺江店,247新北市蘆洲區民權路113號
新北市,蘆洲區,2301,北縣蘆平店,247新北市蘆洲區永平街30號
新北市,蘆洲區,4923,蘆洲永平店,247新北市蘆洲區永平街32巷22弄1號一樓全部與地下室倉儲空間
新北市,蘆洲區,4036,蘆洲祐誠店,247新北市蘆洲區永樂街38巷32.34號
新北市,蘆洲區,3892,蘆洲光榮店,247新北市蘆洲區光榮路68、70號一樓全部
新北市,蘆洲區,D383,北縣長安二店,247新北市蘆洲區長安街66號
新北市,蘆洲區,4125,蘆洲長樂店,247新北市蘆洲區長樂路22號
新北市,蘆洲區,3452,北縣蘆信店,247新北市蘆洲區信義路35號
新北市,蘆洲區,4218,蘆洲得勝店,247新北市蘆洲區得勝街108號一樓
新北市,蘆洲區,L517,車麗屋蘆洲店,247新北市蘆洲區集賢路407號
新北市,蘆洲區,2890,北縣蘆江店,247新北市蘆洲區鷺江街69號一樓
新北市,五股區,5003,五股更寮店,248新北市五股區中興路二段1號一樓全部
新北市,五股區,2691,北縣五春店,248新北市五股區五工五路18號
新北市,五股區,2535,北縣五工店,248新北市五股區五工六路28號
新北市,五股區,3921,五股福鑫店,248新北市五股區五福路8、10號一樓全部
新北市,五股區,2390,北縣五股店,248新北市五股區五權路42之1號
新北市,五股區,3227,北縣五維店,248新北市五股區四維路153號
新北市,五股區,3896,五股憲兵店,248新北市五股區成泰路一段175號(憲兵學校教學區)
新北市,五股區,4316,五股工商店,248新北市五股區成泰路二段91巷9號1樓部份
新北市,五股區,3953,五股郁芳店,248新北市五股區成泰路三段175號
新北市,五股區,3770,北縣西雲店,248新北市五股區西雲路134、134之1號一樓
新北市,五股區,2325,北縣五泰店,248新北市五股區西雲路1號
新北市,五股區,4801,五股成州店,248新北市五股區西雲路211及213號 
新北市,五股區,4819,五股凌雲店,248新北市五股區凌雲路三段46號
新北市,八里區,4259,八里水灣店,249新北市八里區中山路1段125、127號1樓
新北市,八里區,2306,北縣八里店,249新北市八里區中山路一段177號
新北市,八里區,4528,八里鐵塔店,249新北市八里區中山路一段43、43-1號
新北市,八里區,2442,北縣商港店,249新北市八里區商港路46.48號
新北市,八里區,4764,八里大船店,249新北市八里區商港路6、8、10號 
新北市,八里區,3458,北縣米倉店,249新北市八里區龍米路一段215.217號
新北市,八里區,4243,八里聖心店,249新北市八里區龍米路二段57、59號
新北市,淡水區,A171,北縣金龍店,251新北市淡水區水源街２段１９４號一樓及地下一樓全部
新北市,淡水區,2318,北縣淡俊店,251新北市淡水區北新路137、139號1F
新北市,淡水區,2897,北縣淡鑫店,251新北市淡水區北新路165.167號
新北市,淡水區,4081,淡水天元店,251新北市淡水區北新路二段148、150號1樓部份
新北市,淡水區,4739,淡水櫻花店,251新北市淡水區北新路二段17號
新北市,淡水區,4802,淡水沙崙店,251新北市淡水區沙崙路214號
新北市,淡水區,4298,淡水後洲店,251新北市淡水區後洲路一段50號、50之1號1樓
新北市,淡水區,4216,淡水五虎崗店,251新北市淡水區英專路151號
新北市,淡水區,4131,淡水純德店,251新北市淡水區真理街26號(私立淡江中學體育館B1)
新北市,淡水區,3424,淡水純德二店,251新北市淡水區真理街26號
新北市,淡水區,3751,北縣真理店,251新北市淡水區真理街32號
新北市,淡水區,2749,北縣淡虹店,251新北市淡水區淡金路5段20-22號
新北市,淡水區,4511,淡水屯山店,251新北市淡水區淡金路5段98、100、102號
新北市,淡水區,4658,淡水英才店,251新北市淡水區清水街2號、英專路43號
新北市,淡水區,4093,淡水新市店,251新北市淡水區新市一路一段104巷6號1樓
新北市,淡水區,4529,淡水新洲店,251新北市淡水區新市二路二段52、56、58、60號一樓全部
新北市,淡水區,4788,淡水國家店,251新北市淡水區新市五路二段51、53、55號
新北市,淡水區,4153,淡水莊園店,251新北市淡水區濱海路一段221號(金湯川溫泉汽旅區會館區一樓)
新北市,淡水區,4541,淡水海天店,251新北市淡水區濱海路三段140、142號
新北市,淡水區,3914,淡水帆船店,251新北市淡水區觀海路91號(藝術大街區W1F22)
新北市,三芝區,2237,北縣芝蘭店,252新北市三芝區中正路一段68號
新北市,三芝區,4844,三芝天涯店,252新北市三芝區田心子2號
新北市,石門區,4845,石門海角店,253新北市石門區草里里1鄰阿里荖6之2號 
宜蘭縣,宜蘭市,4677,宜蘭廣進店,260宜蘭縣宜蘭市中山路一段118號1、2樓
宜蘭縣,宜蘭市,L503,車麗屋宜蘭店,260宜蘭縣宜蘭市中山路五段327號
宜蘭縣,宜蘭市,2891,宜蘭宜中店,260宜蘭縣宜蘭市民族路396號
宜蘭縣,宜蘭市,4710,宜蘭黃龍店,260宜蘭縣宜蘭市建軍路46號(編號BG010031-044)
宜蘭縣,宜蘭市,4585,宜蘭好運店,260宜蘭縣宜蘭市校舍路161、161-1、161-2號
宜蘭縣,宜蘭市,2842,宜蘭宜兆店,"260宜蘭縣宜蘭市復興路一段88,90號"
宜蘭縣,宜蘭市,4597,宜蘭陽明店,260宜蘭縣宜蘭市陽明二路78、80、82號一樓
宜蘭縣,頭城鎮,4223,頭城烏石店,261宜蘭縣頭城鎮青雲路三段547號一樓(B1)及二樓(1F)全部
宜蘭縣,礁溪鄉,4650,礁溪育龍店,262宜蘭縣礁溪鄉大坡路2、2-1、6、8號1樓
宜蘭縣,礁溪鄉,3563,宜蘭佛光店,262宜蘭縣礁溪鄉林美村林尾路160號
宜蘭縣,礁溪鄉,4268,宜蘭礁溪店,262宜蘭縣礁溪鄉礁溪路六段17號
宜蘭縣,員山鄉,4929,員山慧中店,264宜蘭縣員山鄉枕山村枕山路117-60號
宜蘭縣,羅東鎮,3786,宜蘭公正店,265宜蘭縣羅東鎮公正路342號一樓全部
宜蘭縣,羅東鎮,2722,宜蘭羅東店,265宜蘭縣羅東鎮東安里27鄰傳藝路三段186號
宜蘭縣,三星鄉,4727,三星聖嘉民店,266宜蘭縣三星鄉三星路二段265巷100號
宜蘭縣,三星鄉,4470,宜蘭青蔥店,266宜蘭縣三星鄉月眉村三星路四段436號一樓
宜蘭縣,五結鄉,4333,五結新洋店,268宜蘭縣五結鄉中興路三段364、366、368號1樓
宜蘭縣,五結鄉,4607,五結傳中店,268宜蘭縣五結鄉季新村五濱路二段201號
宜蘭縣,蘇澳鎮,4937,蘇澳軍艦店,270宜蘭縣蘇澳鎮軍港路10號
宜蘭縣,蘇澳鎮,3858,宜蘭隘城店,270宜蘭縣蘇澳鎮海山西路270號一樓全部
宜蘭縣,蘇澳鎮,3392,宜蘭新馬店,270宜蘭縣蘇澳鎮馬賽路439號
宜蘭縣,蘇澳鎮,4877,蘇澳馬賽庄,270宜蘭縣蘇澳鎮新榮路1號1樓
宜蘭縣,蘇澳鎮,4666,蘇澳龍祥店,270宜蘭縣蘇澳鎮龍祥二路1、3號一樓
宜蘭縣,蘇澳鎮,3738,宜蘭南澳店,270宜蘭縣蘇澳鎮蘇花路二段268號一樓之部份
宜蘭縣,蘇澳鎮,4840,蘇澳粉鳥林店,270宜蘭縣蘇澳鎮蘇花路三段160號一樓
新竹縣,竹北市,3508,竹北北鮮店,302新竹縣竹北市大同街33號
新竹縣,竹北市,3015,竹北竹慶店,302新竹縣竹北市中山路12號
新竹縣,竹北市,4175,竹北裕新店,302新竹縣竹北市中山路415號
新竹縣,竹北市,4688,竹北中正西店,302新竹縣竹北市中正西路213號
新竹縣,竹北市,2713,竹北竹洲店,302新竹縣竹北市中正西路671號
新竹縣,竹北市,3739,竹北鳳岡店,302新竹縣竹北市中華路1165號
新竹縣,竹北市,2411,竹北竹振店,302新竹縣竹北市中華路348號
新竹縣,竹北市,4437,竹北起飛店,302新竹縣竹北市仁義路148號及四維街126號
新竹縣,竹北市,4682,竹北生醫店,302新竹縣竹北市生醫路一段2號
新竹縣,竹北市,4497,竹北晨晞店,302新竹縣竹北市光明六路371號
新竹縣,竹北市,2057,竹北東興店,302新竹縣竹北市東興路二段6、8號
新竹縣,竹北市,4072,竹北皇家店,302新竹縣竹北市莊敬三路117號
新竹縣,竹北市,3998,竹北綠能店,302新竹縣竹北市莊敬北路427號
新竹縣,竹北市,4138,竹北水妍店,302新竹縣竹北市莊敬南路63號
新竹縣,竹北市,4291,竹北科儀店,302新竹縣竹北市博愛街708號
新竹縣,竹北市,3466,竹北北愛店,302新竹縣竹北市博愛街762號
新竹縣,竹北市,F603,竹北華興店,302新竹縣竹北市華興街228號
新竹縣,竹北市,3028,竹北竹凰店,302新竹縣竹北市鳳岡路三段245號
新竹縣,竹北市,4157,竹北新鳳店,302新竹縣竹北市鳳岡路三段256、258號
新竹縣,竹北市,3289,竹北北冠店,302新竹縣竹北市縣政九路161號
新竹縣,竹北市,3087,竹北竹文店,302新竹縣竹北市縣政九路215號
新竹縣,竹北市,4120,竹北水岸店,302新竹縣竹北市興隆路三段357號
新竹縣,湖口鄉,3872,湖口長嶺店,303新竹縣湖口鄉八德路三段27號
新竹縣,湖口鄉,3933,湖口長安店,303新竹縣湖口鄉八德路三段2號+長安路1、3號
新竹縣,湖口鄉,4841,湖口波羅店,303新竹縣湖口鄉三元路二段3號
新竹縣,湖口鄉,4304,湖口德成店,303新竹縣湖口鄉中山路一段506號
新竹縣,湖口鄉,2893,竹縣竹麟店,303新竹縣湖口鄉中山路二段119號
新竹縣,湖口鄉,2920,竹縣竹蓮店,303新竹縣湖口鄉中平路一段368、370號
新竹縣,湖口鄉,3575,竹縣湖笙店,303新竹縣湖口鄉中正路三段10、12號
新竹縣,湖口鄉,4079,湖口鳳凰店,303新竹縣湖口鄉仁和路111、113號
新竹縣,湖口鄉,3163,竹縣竹賀店,303新竹縣湖口鄉文化路65號
新竹縣,湖口鄉,3579,竹縣東光店,303新竹縣湖口鄉光復東路150號
新竹縣,湖口鄉,4921,湖口生風店,303新竹縣湖口鄉光復東路251號
新竹縣,湖口鄉,3389,竹縣湖丰店,303新竹縣湖口鄉光復東路335、335-1號
新竹縣,湖口鄉,3451,竹縣湖德店,303新竹縣湖口鄉明德街243號
新竹縣,湖口鄉,3918,湖口湖南店,303新竹縣湖口鄉國強街1巷8號
新竹縣,湖口鄉,4641,湖口戰車店,303新竹縣湖口鄉勝利路二段350號
新竹縣,湖口鄉,2675,竹縣竹祥店,303新竹縣湖口鄉榮光路123號
新竹縣,湖口鄉,3919,湖口湖北店,303新竹縣湖口鄉榮光路158號
新竹縣,湖口鄉,2865,竹縣竹鑽店,303新竹縣湖口鄉德和路76巷2號
新竹縣,湖口鄉,4202,湖口德旺店,303新竹縣湖口鄉德興路297號
新竹縣,新豐鄉,3055,竹縣竹陞店,304新竹縣新豐鄉池府路69號
新竹縣,新豐鄉,4584,新豐新庄子店,304新竹縣新豐鄉建興路二段627巷1號
新竹縣,新豐鄉,3465,竹縣豐埔店,304新竹縣新豐鄉埔和村7鄰埔頂186號
新竹縣,新豐鄉,F674,竹縣新豐三店,304新竹縣新豐鄉康樂路1段110號.尚仁街1號
新竹縣,新豐鄉,4133,新豐叮噹店,304新竹縣新豐鄉康樂路一段399號
新竹縣,新豐鄉,3107,竹縣竹寶店,304新竹縣新豐鄉新和路128號
新竹縣,新埔鎮,3910,新埔新田店,305新竹縣新埔鎮田新路408號
新竹縣,關西鎮,4879,關西威武店,306新竹縣關西鎮東平里老庚寮1鄰22號1樓部份(關西營區)
新竹縣,芎林鄉,4006,芎林富山店,307新竹縣芎林鄉文山路137、139、141號
新竹縣,芎林鄉,3187,竹縣富林店,307新竹縣芎林鄉文德路51號及綠獅段715-2地號全部
新竹縣,芎林鄉,3480,竹縣富裕店,307新竹縣芎林鄉福昌街393號
新竹縣,寶山鄉,4982,寶山成蹊店,308新竹縣寶山鄉大雅路二段100號(臨)壹樓全部及二坪段321地號部份
新竹縣,寶山鄉,4239,寶山寶鑫店,308新竹縣寶山鄉園區二路376、378號
新竹縣,寶山鄉,4911,寶山不語店,308新竹縣寶山鄉雙園路二段295號(臨)
新竹縣,寶山鄉,2141,竹縣寶山店,308新竹縣寶山鄉雙園路二段327號
新竹縣,竹東鎮,3923,竹東上坪店,310新竹縣竹東鎮上坪里4鄰上坪45之7號
新竹縣,竹東鎮,4042,竹東巨星店,310新竹縣竹東鎮中興路二段426、426-1、426-2、426-3號
新竹縣,竹東鎮,3337,竹縣東竹店,310新竹縣竹東鎮竹中路131號
新竹縣,竹東鎮,4286,竹東東泰店,310新竹縣竹東鎮東峰路343號
新竹縣,竹東鎮,4276,竹東榮昇店,310新竹縣竹東鎮東榮路105號
新竹縣,竹東鎮,4615,竹東榮春店,310新竹縣竹東鎮長春路二段97、99號
新竹縣,尖石鄉,4358,尖石會來店,313新竹縣尖石鄉嘉樂村3鄰麥樹仁98、99號
新竹縣,尖石鄉,4988,尖石薰衣草,313新竹縣尖石鄉嘉樂村6鄰嘉樂1號
桃園市,中壢區,4619,中壢海華店,320桃園市中壢區九和一街68、70號
桃園市,中壢區,3486,中壢壢普店,320桃園市中壢區中山東路二段445-1、445-2號
桃園市,中壢區,3077,中壢桃雙店,320桃園市中壢區中山東路三段282號
桃園市,中壢區,F130,中壢中山店,320桃園市中壢區中山路438號
桃園市,中壢區,3042,中壢桃通店,320桃園市中壢區中正路1096號
桃園市,中壢區,F351,中壢中正店,320桃園市中壢區中正路483號
桃園市,中壢區,4389,中壢高正店,320桃園市中壢區中正路621、623、625號
桃園市,中壢區,3296,中壢壢聖店,320桃園市中壢區中正路二段359號
桃園市,中壢區,4480,中壢星辰店,320桃園市中壢區中華路一段390號
桃園市,中壢區,L514,車麗屋中壢店,320桃園市中壢區中華路二段66號
桃園市,中壢區,2355,中壢桃江店,320桃園市中壢區中園路二段544號
桃園市,中壢區,2698,中壢桃吉店,320桃園市中壢區中豐路79、79-1號
桃園市,中壢區,F213,中壢光中店,320桃園市中壢區五光一街1號+中正路665號
桃園市,中壢區,4756,中壢興國店,320桃園市中壢區元化路二段45號
桃園市,中壢區,V501,中壢國道四店,320桃園市中壢區內定二街998-之3號
桃園市,中壢區,3917,中壢國道店,320桃園市中壢區內定二街998之3號
桃園市,中壢區,3578,中壢壢秀店,320桃園市中壢區民族路45、47號
桃園市,中壢區,4907,中壢洽溪店,320桃園市中壢區民權路四段566號全部
桃園市,中壢區,2948,中壢桃萱店,320桃園市中壢區永福路1055號
桃園市,中壢區,3455,中壢壢榮店,320桃園市中壢區永福路603號
桃園市,中壢區,F169,中壢永興店,320桃園市中壢區永興街28號
桃園市,中壢區,3967,中壢壢工店,320桃園市中壢區吉林路132號
桃園市,中壢區,3155,中壢桃杰店,320桃園市中壢區吉林路69、71號
桃園市,中壢區,2853,中壢桃合店,320桃園市中壢區合圳北路二段47號
桃園市,中壢區,4073,中壢合定店,320桃園市中壢區合定路11號
桃園市,中壢區,4997,中壢橙蕉店,320桃園市中壢區成功路146號壹樓部份
桃園市,中壢區,F983,中壢工業店,320桃園市中壢區自強一路100.102號
桃園市,中壢區,2909,中壢桃業店,320桃園市中壢區自強一路22、26號
桃園市,中壢區,3131,中壢桃茁店,320桃園市中壢區西園路112號
桃園市,中壢區,3535,中壢壢廣店,320桃園市中壢區志廣路81號
桃園市,中壢區,2348,中壢桃威店,320桃園市中壢區延平路268、270號
桃園市,中壢區,F201,中壢正神店,320桃園市中壢區忠孝路107、109號
桃園市,中壢區,4322,中壢愛琴店,320桃園市中壢區忠孝路320、332號及成章二街476號
桃園市,中壢區,4694,中壢慈惠店,320桃園市中壢區恩德街40號及慈惠二街41號
桃園市,中壢區,4570,中壢A18店,320桃園市中壢區高鐵北路一段5號2樓(桃園捷運A18站E區)
桃園市,中壢區,4534,中壢青埔店,320桃園市中壢區高鐵站前西路二段133號全部
桃園市,中壢區,4201,中壢聖德店,320桃園市中壢區新生路二段324、326、328號
桃園市,中壢區,3156,中壢壢民店,320桃園市中壢區義民路二段157號
桃園市,中壢區,2544,中壢桃田店,320桃園市中壢區榮民南路301號
桃園市,中壢區,4430,中壢元氣店,320桃園市中壢區興仁路二段95、97號
桃園市,中壢區,2170,中壢龍和店,320桃園市中壢區龍和一街240號
桃園市,中壢區,4187,中壢翔嘉店,320桃園市中壢區龍岡路二段326號
桃園市,中壢區,4797,中壢米干店,320桃園市中壢區龍東路122、124號
桃園市,中壢區,4198,中壢陸科店,320桃園市中壢區龍東路750號
桃園市,中壢區,4859,中壢龍泉店,320桃園市中壢區龍泉街137巷88號
桃園市,中壢區,F167,中壢環北店,320桃園市中壢區環北路1號
桃園市,平鎮區,2096,平鎮大仁店,324桃園市平鎮區大勇街64號
桃園市,平鎮區,3911,平鎮新貴店,324桃園市平鎮區中豐路687號
桃園市,平鎮區,4045,平鎮勤學店,324桃園市平鎮區中豐路山頂段2號
桃園市,平鎮區,4149,平鎮資通店,324桃園市平鎮區中豐路山頂段358號
桃園市,平鎮區,2850,平鎮桃軍店,324桃園市平鎮區中豐路山頂段一巷2號
桃園市,平鎮區,3816,平鎮連峰店,324桃園市平鎮區民族路雙連二段108、110、112號
桃園市,平鎮區,2565,平鎮桃圳店,324桃園市平鎮區圳南路2號
桃園市,平鎮區,2662,平鎮桃勤店,324桃園市平鎮區自由街215、217號
桃園市,平鎮區,2831,平鎮桃豐店,324桃園市平鎮區東豐路127、129、131號
桃園市,平鎮區,4426,平鎮豐收店,324桃園市平鎮區東豐路239、241、243、245號
桃園市,平鎮區,4920,平鎮平南王,324桃園市平鎮區金城街65號
桃園市,平鎮區,4015,平鎮平德店,324桃園市平鎮區南平路二段526號
桃園市,平鎮區,4672,平鎮南京店,324桃園市平鎮區南京路186號
桃園市,平鎮區,4186,平鎮湧豐店,324桃園市平鎮區南豐路102、104、106號
桃園市,平鎮區,3587,平鎮平圳店,324桃園市平鎮區洪圳路378-2號
桃園市,平鎮區,F227,平鎮高雙店,324桃園市平鎮區高雙路2號
桃園市,平鎮區,3939,平鎮和中店,324桃園市平鎮區陸光路180號
桃園市,平鎮區,4712,平鎮好漢店,324桃園市平鎮區陸光路300號
桃園市,平鎮區,4113,平鎮復梅店,324桃園市平鎮區復旦路二段206號
桃園市,平鎮區,4467,平鎮富寶店,324桃園市平鎮區新富五街47、49號
桃園市,平鎮區,4991,平鎮聯新店,324桃園市平鎮區廣泰路75號
桃園市,平鎮區,3645,平鎮平東店,324桃園市平鎮區龍安路141號
桃園市,平鎮區,3027,平鎮桃爺店,324桃園市平鎮區關爺西路1、1-1號
桃園市,龍潭區,4588,龍潭國保店,325桃園市龍潭區中正路471號
桃園市,龍潭區,2718,桃縣桃喜店,325桃園市龍潭區中正路613號
桃園市,龍潭區,3125,桃縣桃豪店,325桃園市龍潭區中正路上華段108、110號
桃園市,龍潭區,2962,桃縣龍吟店,325桃園市龍潭區中原路一段506號
桃園市,龍潭區,4521,龍潭客棧店,325桃園市龍潭區中原路二段575號
桃園市,龍潭區,3855,桃縣高原店,325桃園市龍潭區中原路三段53號
桃園市,龍潭區,F985,桃縣龍潭二店,325桃園市龍潭區中興路209號
桃園市,龍潭區,F772,桃縣龍潭店,325桃園市龍潭區中興路335號
桃園市,龍潭區,4614,龍潭武中店,325桃園市龍潭區中興路336巷74、76號
桃園市,龍潭區,2990,桃縣桃亮店,325桃園市龍潭區中興路649、651號
桃園市,龍潭區,2991,桃縣桃益店,325桃園市龍潭區中豐路529、531號
桃園市,龍潭區,4868,龍潭武林店,325桃園市龍潭區中豐路533巷48號
桃園市,龍潭區,2818,桃縣桃魏店,325桃園市龍潭區中豐路596號
桃園市,龍潭區,3061,桃縣桃翁店,325桃園市龍潭區中豐路711號
桃園市,龍潭區,3132,桃縣桃夏店,325桃園市龍潭區中豐路高平段321、327號
桃園市,龍潭區,V005,新護摩馴店,325桃園市龍潭區中豐路高平段418號
桃園市,龍潭區,4387,龍潭新護店,325桃園市龍潭區中豐路高平段418號
桃園市,龍潭區,3632,桃縣龍萊店,325桃園市龍潭區五福街31、33號
桃園市,龍潭區,4980,龍潭有間店,325桃園市龍潭區民主街18號壹樓全部及民主街20巷2弄2號壹樓部分
桃園市,龍潭區,4745,龍潭江湖店,325桃園市龍潭區民生路108號
桃園市,龍潭區,4075,龍潭大池店,325桃園市龍潭區神龍路234、236號
桃園市,龍潭區,4493,龍潭森之丘店,325桃園市龍潭區梅龍路511號
桃園市,龍潭區,4016,龍潭聖亭店,325桃園市龍潭區聖亭路122、124號
桃園市,龍潭區,4504,龍潭虎穴店,325桃園市龍潭區福龍路二段325號
桃園市,龍潭區,4486,龍潭石門山店,325桃園市龍潭區龍源路大平段262、264、266號
桃園市,楊梅區,4522,楊梅梅溪店,326桃園市楊梅區中山北路一段388號
桃園市,楊梅區,2628,桃縣桃紡店,326桃園市楊梅區中山南路558號
桃園市,楊梅區,4818,楊梅楊梅店,326桃園市楊梅區幼獅路二段1-1號
桃園市,楊梅區,2187,桃縣幼獅店,326桃園市楊梅區幼獅路二段388號
桃園市,楊梅區,4263,楊梅高嶺店,326桃園市楊梅區民族路五段141、143、145號
桃園市,楊梅區,2337,桃縣桃富店,326桃園市楊梅區民富路一段368、370號
桃園市,楊梅區,2363,桃縣桃岡店,326桃園市楊梅區成功路2號
桃園市,楊梅區,4881,楊梅老莊店,326桃園市楊梅區老莊路82號壹樓部份及老莊段694地號部份
桃園市,楊梅區,4369,楊梅高采店,326桃園市楊梅區秀才路200、202、204號
桃園市,楊梅區,4301,楊梅上和店,326桃園市楊梅區和平路1、3號
桃園市,楊梅區,4867,楊梅吐氣店,326桃園市楊梅區金德路18號
桃園市,楊梅區,4457,楊梅映玥店,326桃園市楊梅區青山一街207、209、211號
桃園市,楊梅區,4675,楊梅日光店,326桃園市楊梅區青山一街99、101號
桃園市,楊梅區,3949,楊梅青山店,326桃園市楊梅區青山六街3號
桃園市,楊梅區,4205,楊梅青新店,326桃園市楊梅區青年路二段204巷1、3號
桃園市,楊梅區,4960,楊梅休息站,326桃園市楊梅區校前路294巷69號
桃園市,楊梅區,4257,楊梅高欣店,326桃園市楊梅區高上路一段639號
桃園市,楊梅區,3895,楊梅高獅店,326桃園市楊梅區高獅路899號
桃園市,楊梅區,3996,楊梅新梅店,326桃園市楊梅區梅高路26號
桃園市,楊梅區,F680,桃縣梅獅店,326桃園市楊梅區梅獅路二段135號
桃園市,楊梅區,4746,楊梅福羚店,326桃園市楊梅區梅獅路二段18號
桃園市,楊梅區,3829,楊梅楊科店,326桃園市楊梅區梅獅路二段447、449號
桃園市,楊梅區,3549,桃縣楊翔店,326桃園市楊梅區楊湖路一段655、657號
桃園市,楊梅區,3525,桃縣楊湖店,326桃園市楊梅區楊湖路三段604號
桃園市,楊梅區,4285,楊梅映湖店,326桃園市楊梅區楊湖路三段607號
桃園市,楊梅區,2762,桃縣桃怡店,326桃園市楊梅區楊新北路321巷30號
桃園市,楊梅區,2534,桃縣桃獅店,326桃園市楊梅區獅二路18號
桃園市,楊梅區,3072,桃縣桃騰店,326桃園市楊梅區瑞溪路一段218號
桃園市,楊梅區,3058,桃縣桃文店,326桃園市楊梅區瑞溪路二段102號
桃園市,楊梅區,3235,桃縣楊福店,326桃園市楊梅區福德街66、68號
桃園市,楊梅區,2559,桃縣桃楊店,326桃園市楊梅區環南路6號
桃園市,新屋區,2034,桃縣西濱店,327桃園市新屋區中山西路3段618號
桃園市,新屋區,2910,桃縣桃濱店,327桃園市新屋區中山西路三段650號
桃園市,新屋區,2802,桃縣桃花店,327桃園市新屋區中山東路一段162號
桃園市,新屋區,2963,桃縣桃丹店,327桃園市新屋區中山路457號
桃園市,新屋區,2649,桃縣桃奉店,327桃園市新屋區中華南路二段11、13號
桃園市,新屋區,4664,新屋芳華店,327桃園市新屋區中華南路二段298、300、302號
桃園市,新屋區,3882,新屋東明店,327桃園市新屋區中興路317號
桃園市,新屋區,4350,新屋興旺店,327桃園市新屋區中興路600號
桃園市,新屋區,4616,新屋新華店,327桃園市新屋區新華路一段102號
桃園市,新屋區,4306,新屋水嶺店,327桃園市新屋區新榮路88號
桃園市,觀音區,4705,觀音二聖店,328桃園市觀音區二聖路255號
桃園市,觀音區,3093,桃縣桃鵬店,328桃園市觀音區大觀路二段313號
桃園市,觀音區,4047,觀音觀愛店,328桃園市觀音區中山路二段1362號
桃園市,觀音區,4495,觀音紅糖店,328桃園市觀音區文化路坑尾段376巷1號
桃園市,觀音區,3981,觀音觀海店,328桃園市觀音區成功路一段647號
桃園市,觀音區,F750,桃縣觀音店,328桃園市觀音區成功路一段739號
桃園市,觀音區,3270,桃縣觀坪店,328桃園市觀音區忠愛路三段2號
桃園市,觀音區,4622,觀音菩薩店,328桃園市觀音區長春街50號
桃園市,觀音區,4747,觀音長興店,328桃園市觀音區莊敬路150號
桃園市,觀音區,4695,觀音草漯店,328桃園市觀音區新生路1621號
桃園市,觀音區,4533,觀音蓮花店,328桃園市觀音區新華路一段940號
桃園市,觀音區,4329,觀音青荷店,328桃園市觀音區新華路二段560號
桃園市,觀音區,4373,觀音高潭店,328桃園市觀音區濱海路大潭段172號
桃園市,桃園區,4913,桃園埔子店,330桃園市桃園區力行路328巷21、23號及正光二街71巷31號
桃園市,桃園區,F228,桃市三民店,330桃園市桃園區三民路一段99號、99-1號
桃園市,桃園區,2811,桃市桃仁店,330桃園市桃園區大仁路54、56號
桃園市,桃園區,3527,桃市桃雄店,330桃園市桃園區大有路128號
桃園市,桃園區,4058,桃市民光店,330桃園市桃園區大有路175、179號
桃園市,桃園區,4143,桃市有寶店,330桃園市桃園區大有路491號
桃園市,桃園區,4571,桃園快樂店,330桃園市桃園區大有路726、728號
桃園市,桃園區,F976,桃市大業店,330桃園市桃園區大業路一段395、397號
桃園市,桃園區,3493,桃市桃慧店,330桃園市桃園區大興西路二段55號1樓之2
桃園市,桃園區,2295,桃市桃亨店,330桃園市桃園區大興西路二段8號
桃園市,桃園區,4758,桃園興業店,330桃園市桃園區大興路172號
桃園市,桃園區,4359,桃園大樹店,330桃園市桃園區中正五街225號
桃園市,桃園區,4419,桃園郵驛店,330桃園市桃園區中正路103號
桃園市,桃園區,F785,桃市文中店,330桃園市桃園區文中路331、333、335號
桃園市,桃園區,3018,桃市桃恩店,330桃園市桃園區文中路691、693號
桃園市,桃園區,F899,桃市桃園店,330桃園市桃園區民生路129號
桃園市,桃園區,4676,桃園蕙宇店,330桃園市桃園區同安街442之5、444號
桃園市,桃園區,3978,桃市安慶店,330桃園市桃園區安慶街129、131號
桃園市,桃園區,4487,桃園農工店,330桃園市桃園區成功路二段144號
桃園市,桃園區,F760,桃市三民二店,330桃園市桃園區自強路72號
桃園市,桃園區,4793,桃園至善店,330桃園市桃園區自強路85號及中山東路151號
桃園市,桃園區,2882,桃市桃昌店,330桃園市桃園區宏昌六街108號
桃園市,桃園區,3665,桃市森林店,330桃園市桃園區林森路29號
桃園市,桃園區,2777,桃市桃建店,330桃園市桃園區建國東路11、11-1號
桃園市,桃園區,3790,桃市美旗店,330桃園市桃園區建國路276號
桃園市,桃園區,3141,桃市桃磐店,330桃園市桃園區建新街277號
桃園市,桃園區,3031,桃市桃桐店,330桃園市桃園區桃鶯路220號
桃園市,桃園區,4141,桃市祥儀店,330桃園市桃園區桃鶯路457、459號
桃園市,桃園區,3336,桃市桃法店,330桃園市桃園區健行路103號
桃園市,桃園區,2477,桃市桃鼎店,330桃園市桃園區國聖一街166號
桃園市,桃園區,4368,桃園國圳店,330桃園市桃園區國際路一段431號
桃園市,桃園區,2509,桃市桃爵店,330桃園市桃園區莊敬路一段304號
桃園市,桃園區,4221,桃市聲中店,330桃園市桃園區復興路439號
桃園市,桃園區,4827,桃園中路店,330桃園市桃園區廈門街100、102號壹樓全部
桃園市,桃園區,4365,桃園慈安店,330桃園市桃園區慈文路170號
桃園市,桃園區,3092,桃市桃慈店,330桃園市桃園區慈光街63號
桃園市,桃園區,4236,桃市漢中店,330桃園市桃園區漢中路123號
桃園市,桃園區,3242,桃市桃都店,330桃園市桃園區樹仁二街46、50號
桃園市,桃園區,3150,桃市桃版店,330桃園市桃園區龍壽街202-8號
桃園市,龜山區,3017,桃縣桃頌店,333桃園市龜山區大同路358、364號
桃園市,龜山區,2375,桃縣桃貿店,333桃園市龜山區中興路265號
桃園市,龜山區,3749,桃縣長院店,333桃園市龜山區文化一路261號(長庚科大 第三教學大樓 1樓)
桃園市,龜山區,2596,桃縣桃高店,333桃園市龜山區文化一路73號
桃園市,龜山區,2428,桃縣桃亞店,333桃園市龜山區文化二路155號
桃園市,龜山區,2740,桃縣桃慶店,333桃園市龜山區文化三路48、50號及文三一街1號
桃園市,龜山區,3008,桃縣桃摩店,"333桃園市龜山區文化三路95,97號"
桃園市,龜山區,4902,龜山玄武店,333桃園市龜山區文青路139號
桃園市,龜山區,4985,龜山文青店,333桃園市龜山區文青路163號
桃園市,龜山區,L534,田倉文興店,333桃園市龜山區文興路30號
桃園市,龜山區,4197,龜山崇優店,333桃園市龜山區民生北路一段128、130、132號
桃園市,龜山區,4690,龜山同福店,333桃園市龜山區自強東路192號
桃園市,龜山區,3220,桃縣桃耕店,333桃園市龜山區忠義路一段1041號
桃園市,龜山區,4035,龜山南上店,333桃園市龜山區南上路284號
桃園市,龜山區,2763,桃縣桃燿店,333桃園市龜山區頂湖23號、頂湖三街2號
桃園市,龜山區,3692,桃縣頂湖店,333桃園市龜山區頂湖路1號
桃園市,龜山區,L533,田倉復興店,333桃園市龜山區復興一路360號
桃園市,龜山區,4503,龜山復恆店,333桃園市龜山區復興三路71號
桃園市,龜山區,4007,龜山長庚店,333桃園市龜山區復興街5號
桃園市,龜山區,F883,桃縣大崗店,333桃園市龜山區新興街255、257號
桃園市,龜山區,4933,龜山連莊店,333桃園市龜山區萬壽路一段388、390號一樓
桃園市,龜山區,4629,龜山警大店,333桃園市龜山區樹人路56號
桃園市,八德區,3478,八德德利店,334桃園市八德區力行街117-1號
桃園市,八德區,3025,八德桃棒店,334桃園市八德區大福街86號
桃園市,八德區,2145,八德松柏林店,334桃園市八德區大興路670號
桃園市,八德區,4462,八德霸氣店,334桃園市八德區中山路166號
桃園市,八德區,2336,八德桃德店,334桃園市八德區中山路42號
桃園市,八德區,L510,車麗屋八德店,334桃園市八德區介壽路一段666號
桃園市,八德區,2153,八德麻園店,334桃園市八德區介壽路二段492號
桃園市,八德區,2819,八德桃夢店,334桃園市八德區永豐路230號
桃園市,八德區,4233,八德和映店,334桃園市八德區和平路1046號
桃園市,八德區,3619,八德德萊店,334桃園市八德區和平路1446號
桃園市,八德區,4275,八德大和店,334桃園市八德區和平路985號
桃園市,八德區,3056,八德桃定店,334桃園市八德區東勇街1號
桃園市,八德區,2279,桃縣桃勇店,334桃園市八德區東勇街402號
桃園市,八德區,3099,八德桃昂店,334桃園市八德區長興路576、578號
桃園市,八德區,4602,八德玉元店,334桃園市八德區長興路773、775、777、779號
桃園市,八德區,2834,八德桃尊店,334桃園市八德區建國路871號壹樓
桃園市,八德區,2017,八德桃鶯三店,334桃園市八德區桃鶯路74號
桃園市,八德區,4789,八德陂塘店,334桃園市八德區高城路66號、高城六街2號
桃園市,八德區,3276,八德桃壯店,334桃園市八德區國際路85號
桃園市,八德區,3119,八德桃爾店,334桃園市八德區廣福路281、283號
桃園市,八德區,4587,八德積福店,334桃園市八德區廣福路456號
桃園市,八德區,4374,八德御藏店,334桃園市八德區廣興路236號
桃園市,八德區,2144,八德廣興店,334桃園市八德區廣興路798-1號、新興路280-1號
桃園市,八德區,4479,八德星晴店,334桃園市八德區興豐路340、342、344號。
桃園市,八德區,2741,八德桃鑽店,334桃園市八德區興豐路838、840、842號
桃園市,八德區,3456,八德德榮店,334桃園市八德區龍江路313、315號
桃園市,大溪區,3943,大溪桂林店,335桃園市大溪區中華路96號
桃園市,大溪區,3642,桃縣大介店,335桃園市大溪區介壽路568號
桃園市,大溪區,4385,大溪高介店,335桃園市大溪區介壽路756號
桃園市,大溪區,4904,大溪龍門店,335桃園市大溪區石園路6、8、10、12、14號壹樓部份
桃園市,大溪區,4925,大溪豆干店,335桃園市大溪區埔頂路一段200號
桃園市,大溪區,4874,大溪慈湖店,335桃園市大溪區復興路一段1166號
桃園市,大溪區,2788,桃縣桃天店,335桃園市大溪區復興路一段268號
桃園市,大溪區,2311,桃縣桃東店,335桃園市大溪區復興路二段763號
桃園市,復興區,2260,復興旺詮店,336桃園市復興區中正路275-9號
桃園市,大園區,3016,桃縣桃品店,337桃園市大園區三民路二段591、593號2F
桃園市,大園區,3997,大園航運店,337桃園市大園區大觀路997號
桃園市,大園區,4910,大園飛翔店,337桃園市大園區中山北路91號壹樓全部
桃園市,大園區,F959,桃縣大園三店,337桃園市大園區中山南路6號
桃園市,大園區,4966,大園航道店,337桃園市大園區中正東路349號壹樓部分
桃園市,大園區,2517,桃縣桃邦店,337桃園市大園區中正東路一段673號
桃園市,大園區,4765,大園中正東店,337桃園市大園區中正東路三段233號
桃園市,大園區,F355,桃縣民生店,337桃園市大園區中華路131號
桃園市,大園區,4346,大園五青店,337桃園市大園區五青路76號
桃園市,大園區,4407,大園大盛店,337桃園市大園區民生南路196號
桃園市,大園區,2606,桃縣桃海店,337桃園市大園區民生路154號
桃園市,大園區,F624,桃縣竹圍店,337桃園市大園區建國路149號
桃園市,大園區,2283,桃縣桃心店,337桃園市大園區埔心街18-1、20號
桃園市,大園區,4681,大園A13店,337桃園市大園區航站南路9號地下一層之1號
桃園市,大園區,2959,桃縣華航店,337桃園市大園區航勤南路9號(華航修護廠餐廳)
桃園市,大園區,4651,大園羽田店,337桃園市大園區高鐵北路二段145號、大成路二段1號
桃園市,大園區,F954,桃縣大園二店,337桃園市大園區國際路一段218號
桃園市,大園區,2147,桃縣海口店,337桃園市大園區國際路三段581號
桃園市,大園區,4429,大園湖畔店,337桃園市大園區華興路152、156號
桃園市,大園區,2573,桃縣桃正店,337桃園市大園區華興路323號
桃園市,大園區,2667,桃縣桃港店,337桃園市大園區漁港路387號
桃園市,蘆竹區,3556,桃縣蘆華店,338桃園市蘆竹區大竹北路180號
桃園市,蘆竹區,2322,桃縣桃竹店,338桃園市蘆竹區大華街69-1、69-2號
桃園市,蘆竹區,4456,蘆竹華麗店,338桃園市蘆竹區大新路818、820號
桃園市,蘆竹區,4289,蘆竹順興店,338桃園市蘆竹區中興路118號
桃園市,蘆竹區,2482,桃縣桃明店,338桃園市蘆竹區光明路二段171、173號
桃園市,蘆竹區,3881,蘆竹蘆東店,338桃園市蘆竹區長興路二段22號
桃園市,蘆竹區,2566,桃縣桃旺店,338桃園市蘆竹區長興路三段217號
桃園市,蘆竹區,2255,桃縣桃福店,338桃園市蘆竹區南山路一段378號
桃園市,蘆竹區,2501,桃縣桃安店,338桃園市蘆竹區南山路二段166號
桃園市,蘆竹區,2201,桃縣內溪店,338桃園市蘆竹區南山路二段429號
桃園市,蘆竹區,2988,桃縣桃環店,338桃園市蘆竹區南工路150號
桃園市,蘆竹區,2401,桃縣桃工店,338桃園市蘆竹區南工路一段14號
桃園市,蘆竹區,2622,桃縣桃錦店,338桃園市蘆竹區南崁路一段225、227號
桃園市,蘆竹區,4601,蘆竹領航店,338桃園市蘆竹區南崁路一段286號
桃園市,蘆竹區,2620,桃縣桃科店,338桃園市蘆竹區南崁路一段336號B1
桃園市,蘆竹區,4342,蘆竹錦溪店,338桃園市蘆竹區南崁路二段66之2號
桃園市,蘆竹區,F777,桃縣南華店,338桃園市蘆竹區南華一街1號
桃園市,蘆竹區,4272,蘆竹藍星店,338桃園市蘆竹區南福街162、164號
桃園市,蘆竹區,2315,桃縣桃山店,338桃園市蘆竹區海山路一段13號
桃園市,蘆竹區,3045,桃縣桃楚店,338桃園市蘆竹區海山路二段262號
桃園市,蘆竹區,4673,蘆竹海山店,338桃園市蘆竹區海山路二段513、515號
桃園市,蘆竹區,4572,蘆竹海湖店,338桃園市蘆竹區海湖東路295號
桃園市,蘆竹區,3880,桃縣富竹店,338桃園市蘆竹區富國路二段2號
桃園市,蘆竹區,L532,蘆竹金鈴店,338桃園市蘆竹區新生路116號
桃園市,蘆竹區,4852,蘆竹福祿店,338桃園市蘆竹區福祿一街56號
桃園市,蘆竹區,2540,桃縣桃子店,338桃園市蘆竹區濱海路一段203號
苗栗縣,竹南鎮,4546,竹南可愛店,350苗栗縣竹南鎮大埔里科專三路129號
苗栗縣,竹南鎮,2922,苗縣苗旺店,350苗栗縣竹南鎮中美里5鄰西門10號
苗栗縣,竹南鎮,3802,苗縣君中店,350苗栗縣竹南鎮公義路245號
苗栗縣,頭份市,4579,頭份得意店,351苗栗縣頭份市上庄路77號
苗栗縣,頭份市,3179,苗縣頭正店,351苗栗縣頭份市中正一路185號
苗栗縣,頭份市,4090,頭份斗煥店,351苗栗縣頭份市中正二路192號
苗栗縣,頭份市,3588,苗縣斗煥坪店,351苗栗縣頭份市斗煥里199-1號
苗栗縣,頭份市,2002,苗縣頭份二店,351苗栗縣頭份市日新街42號
苗栗縣,頭份市,4043,頭份精品店,351苗栗縣頭份市自強路108號
苗栗縣,頭份市,3315,苗縣頭軒店,351苗栗縣頭份市忠孝二路128號
苗栗縣,頭份市,4630,頭份好漾店,351苗栗縣頭份市富強一街9號
苗栗縣,頭份市,4416,苗縣頂尖店,351苗栗縣頭份市興隆里８鄰中華路１７７０、１７７２號
苗栗縣,頭份市,4791,頭份興隆店,351苗栗縣頭份市興隆路450、452號
苗栗縣,後龍鎮,2075,苗縣後龍店,356苗栗縣後龍鎮中山路350號
苗栗縣,後龍鎮,2717,苗縣苗港店,356苗栗縣後龍鎮水尾里8鄰水尾67-3號
苗栗縣,後龍鎮,2369,苗縣苗華店,356苗栗縣後龍鎮光華路421號
苗栗縣,後龍鎮,2950,苗縣苗發店,356苗栗縣後龍鎮新民里12鄰中心路120~12、121號
苗栗縣,後龍鎮,4069,後龍德醫店,356苗栗縣後龍鎮溪洲里7鄰砂崙湖79之9號
苗栗縣,通霄鎮,4578,通霄北勢窩店,357苗栗縣通霄鎮內湖里17鄰烏眉路13號
苗栗縣,苑裡鎮,F825,苗縣苑裡店,358苗栗縣苑裡鎮介壽路2之7號
苗栗縣,苑裡鎮,2602,苗縣苗苑店,358苗栗縣苑裡鎮新復里9鄰新復132-13號
苗栗縣,苗栗市,4408,苗栗茂勝店,360苗栗縣苗栗市中正路1300、1302號
苗栗縣,苗栗市,4132,苗栗新苗店,360苗栗縣苗栗市中正路807號
苗栗縣,苗栗市,4500,苗栗發財店,360苗栗縣苗栗市文聖里文發路909號
苗栗縣,苗栗市,2269,苗栗苗鑫店,360苗栗縣苗栗市光復路161號
苗栗縣,苗栗市,3539,苗栗苗福店,360苗栗縣苗栗市至公路528號
苗栗縣,苗栗市,3959,苗栗為中店,360苗栗縣苗栗市為公路44、46號
苗栗縣,苗栗市,4564,苗栗為民店,360苗栗縣苗栗市為民街382-1號
苗栗縣,苗栗市,F190,苗栗國華店,360苗栗縣苗栗市國華路311號
苗栗縣,苗栗市,3837,苗栗艾文店,360苗栗縣苗栗市國華路750號
苗栗縣,公館鄉,3762,苗縣新板店,363苗栗縣公館鄉五谷村13鄰五谷92-13號
苗栗縣,公館鄉,F992,苗縣五谷店,363苗栗縣公館鄉五谷村211、213號
苗栗縣,大湖鄉,3470,苗縣大富店,364苗栗縣大湖鄉富興村八寮灣3-7、3-8號
苗栗縣,泰安鄉,3909,泰安清安店,365苗栗縣泰安鄉清安村1鄰洗水坑3-1號
苗栗縣,泰安鄉,3873,苗縣泰安店,365苗栗縣泰安鄉錦水村4鄰圓墩7-5號
苗栗縣,銅鑼鄉,2686,苗縣苗銅店,366苗栗縣銅鑼鄉中正路96號
苗栗縣,三義鄉,2724,苗縣苗義店,367苗栗縣三義鄉水美路210號
苗栗縣,三義鄉,3871,苗縣車亭店,367苗栗縣三義鄉西湖村下湖5-10號1F部份
苗栗縣,三義鄉,4018,三義雙湖店,367苗栗縣三義鄉雙湖村15鄰雙湖11-8號
台中市,中區,4785,台中交轉店,400台中市中區雙十路一段29號1樓、29號2樓之1
台中市,東區,H848,台中十甲東店,"401台中市東區十甲路442號,十甲東路665號"
台中市,南區,2832,台中中鑽店,402台中市南區工學里工學路169號
台中市,南區,3964,台中衛斯理店,402台中市南區五權南一路52號
台中市,南區,4723,台中夜市店,402台中市南區忠孝路193號地下一樓至二樓全部
台中市,南區,4953,台中明德店,402台中市南區明德街８４號
台中市,南區,4699,台中興大店,402台中市南區國光路250號
台中市,南區,4733,台中福順店,402台中市南區復興路二段73號
台中市,南區,2998,台中中慶店,402台中市南區樹德里12鄰大慶街二段27號
台中市,南區,2539,台中中大店,402台中市南區興大路300號
台中市,西區,3081,台中中堂店,403台中市西區民生路109、111號
台中市,西區,H809,台中忠誠店,"403台中市西區忠誠街103,105號"
台中市,北區,H646,台中太平店,404台中市北區太平路72號
台中市,北區,4318,台中永太店,404台中市北區太原路二段240號一樓全部
台中市,北區,4435,台中豐衣店,404台中市北區漢口路三段１７４號、１７２號全部
台中市,北屯區,2329,台中中清店,406台中市北屯區中清路二段950號
台中市,北屯區,4002,台中同興店,406台中市北屯區同榮路68號
台中市,北屯區,3327,台中中竹店,406台中市北屯區后庄路481號
台中市,北屯區,H851,台中東山二店,"406台中市北屯區東山路一段146,146之1號"
台中市,北屯區,3835,台中大坑口店,406台中市北屯區東山路一段35號
台中市,北屯區,3285,台中中軍店,406台中市北屯區軍功路二段130號
台中市,北屯區,4193,台中葳格店,406台中市北屯區軍福十八路328號
台中市,北屯區,L522,車麗屋崇德店,406台中市北屯區崇德二路二段225號
台中市,北屯區,3960,台中鑫中臺店,406台中市北屯區部子路666號
台中市,北屯區,L539,中聯興安店,406台中市北屯區興安路一段263號
台中市,西屯區,H869,台中大恩店,407台中市西屯區大墩18街112號
台中市,西屯區,4247,台中永讚店,407台中市西屯區大墩20街53.55號
台中市,西屯區,4908,東海花園店,407台中市西屯區工業區十六路3號1、2樓全部
台中市,西屯區,H835,台中世貿店,407台中市西屯區中工二路212號
台中市,西屯區,4399,台中愛萊店,"407台中市西屯區中康街2,6號"
台中市,西屯區,3702,台中中宏店,407台中市西屯區西屯路三段158-50號
台中市,西屯區,2767,台中中都店,407台中市西屯區西屯路三段173-25號
台中市,西屯區,2064,台中逢甲店,407台中市西屯區逢甲路2號
台中市,西屯區,2594,台中中河店,407台中市西屯區逢福里逢大路15號
台中市,西屯區,L513,車麗屋朝馬店,407台中市西屯區朝馬路67號
台中市,西屯區,4152,台中僑光店,407台中市西屯區僑光路100號B1(僑光科大)
台中市,西屯區,2637,台中中集店,407台中市西屯區福科路541號
台中市,西屯區,4823,台中榮醫店,407台中市西屯區臺灣大道四段1650號(門診前2F)
台中市,西屯區,4822,台中榮總店,407台中市西屯區臺灣大道四段1650號(營養3F)
台中市,西屯區,4309,台中路思義店,407台中市西屯區臺灣大道四段1727號
台中市,南屯區,4382,台中城愛店,408台中市南屯區干城街267號
台中市,南屯區,4450,台中豐富店,408台中市南屯區文心南三路３００號３０２號
台中市,南屯區,2731,台中中豐店,408台中市南屯區文心南五路327.329號
台中市,南屯區,4882,台中田心仔,408台中市南屯區文心路一段196號一樓、198號全部
台中市,南屯區,4627,台中嘉明湖店,408台中市南屯區永春東七路602號一樓全部
台中市,南屯區,4741,台中永春店,408台中市南屯區永春路２８之６號
台中市,南屯區,2068,台中黎明店,408台中市南屯區黎明路一段129號
台中市,南屯區,4783,台中嶺東店,408台中市南屯區嶺東路2號(幹偉樓B1)
台中市,太平區,G951,太平新福店,411台中市太平區中山路4段135-137號
台中市,太平區,L540,中聯太平店,411台中市太平區中山路二段401號
台中市,太平區,4395,太平澄清店,411台中市太平區中興路92.94.96號
台中市,太平區,3888,太平永平店,"411台中市太平區永平路三段146,148號"
台中市,太平區,3682,太平永成店,411台中市太平區永豐路258號
台中市,太平區,3602,太平光德店,411台中市太平區光德路379號
台中市,太平區,2706,太平中光店,411台中市太平區光興路2288號
台中市,太平區,3593,太平宜昌店,411台中市太平區宜昌路302號
台中市,太平區,3305,太平華中店,411台中市太平區部仔坑26號
台中市,太平區,4559,太平樂安店,411台中市太平區新坪里15鄰育賢路60號
台中市,太平區,2493,太平中業店,411台中市太平區鵬儀路296巷1號
台中市,大里區,4481,大里精采店,412台中市大里區中興路二段788、790、792號
台中市,大里區,3831,大里光正店,412台中市大里區仁化路243、247號
台中市,大里區,3765,大里竹子坑店,412台中市大里區仁化路2號
台中市,大里區,4830,大里永隆店,412台中市大里區永隆路30號
台中市,大里區,3901,大里吉祥店,412台中市大里區成功二路57、59號
台中市,大里區,G807,大里東榮店,412台中市大里區東榮路358號
台中市,大里區,2557,大里中愛店,412台中市大里區東榮路486.488號
台中市,大里區,3195,大里立人店,412台中市大里區益民路一段311號B1
台中市,大里區,2705,大里中爽店,412台中市大里區爽文路306號1樓
台中市,大里區,4779,大里塗城店,412台中市大里區塗城里塗城路158之1號
台中市,大里區,4842,大里好來店,412台中市大里區新仁路一段247、249號1樓及好來一街2、4號1樓
台中市,大里區,4360,大里大明店,412台中市大里區新仁路三段210號
台中市,霧峰區,4375,霧峰亞大店,413台中市霧峰區柳豐路500號感恩學院B1
台中市,烏日區,2595,中縣中佳店,414台中市烏日區中山路一段218號
台中市,烏日區,3912,烏日成中店,414台中市烏日區中山路三段548號
台中市,烏日區,2863,中縣中武店,414台中市烏日區五光路178號
台中市,烏日區,3377,中縣中分店,414台中市烏日區五光路708號
台中市,烏日區,2734,中縣中連店,414台中市烏日區太明北路2號
台中市,烏日區,4742,烏日學田店,414台中市烏日區成功東路3號、5號1樓部份
台中市,烏日區,3927,烏日溪南店,414台中市烏日區溪南路一段228.230號
台中市,烏日區,2656,中縣中溪店,414台中市烏日區溪壩村環中路八段162號
台中市,豐原區,G804,豐原豐民店,420台中市豐原區三民路86號
台中市,豐原區,4207,豐原三和店,420台中市豐原區三和路349巷2號
台中市,豐原區,4604,豐原豐社店,420台中市豐原區大豐路五段３５０號
台中市,豐原區,G808,豐原豐商店,420台中市豐原區中山路418號
台中市,豐原區,L537,中聯水源店,420台中市豐原區水源路532號
台中市,豐原區,2396,豐原辰光店,420台中市豐原區安康路100號
台中市,豐原區,4288,豐原成興店,420台中市豐原區成功路150-1、152號
台中市,豐原區,3648,豐原原成店,420台中市豐原區建成路115號
台中市,豐原區,3987,豐原豐田店,420台中市豐原區豐南街58號
台中市,后里區,L524,中聯后里店,421台中市后里區三豐路四段108號1樓部份
台中市,后里區,4166,后里甲后店,421台中市后里區甲后路1037號壹樓全部、1041號壹樓部份
台中市,后里區,3396,中縣中冠店,421台中市后里區甲后路二段429號
台中市,后里區,L525,后里馬場店,421台中市后里區寺山路41號
台中市,石岡區,4768,石岡萬仙店,422台中市石岡區萬仙街45號
台中市,東勢區,4626,東勢東崎店,423台中市東勢區東崎路五段308及310號
台中市,東勢區,4596,東勢石城店,423台中市東勢區茂興里石城街200及202號
台中市,新社區,4421,新社龍騰店,426台中市新社區興社街二段32-5號
台中市,潭子區,4337,潭子曇晨店,427台中市潭子區甘蔗里勝利路209號
台中市,潭子區,L536,中聯潭子店,427台中市潭子區雅潭路一段65號
台中市,潭子區,3249,中縣常春藤店,427台中市潭子區潭興路一段165巷320號
台中市,潭子區,4423,潭子明藝店,427台中市潭子區潭興路一段166號
台中市,潭子區,4938,潭子談心店,427台中市潭子區潭興路一段2號一樓部分及9、15號全部
台中市,大雅區,4391,大雅鑫泉店,428台中市大雅區中清路五段2號
台中市,大雅區,4821,大雅月祥店,428台中市大雅區月祥路４６６－１號、４６８號部份
台中市,大雅區,3135,中縣中勇店,428台中市大雅區平和路83號
台中市,大雅區,4961,大雅雅楓店,428台中市大雅區民權街32號一樓部份
台中市,大雅區,3095,中縣中潭店,428台中市大雅區雅潭路四段86號
台中市,大雅區,3540,中縣雅環店,428台中市大雅區雅環路二段346.348號
台中市,神岡區,3975,神岡庄前店,429台中市神岡區三民南路2號
台中市,神岡區,2127,中縣豐洲店,429台中市神岡區大洲路2-3號
台中市,神岡區,4563,神岡元富店,429台中市神岡區大富路18號
台中市,神岡區,4590,神岡大三元店,429台中市神岡區大豐路四段225號
台中市,神岡區,2655,中縣中神店,429台中市神岡區中山路1590號
台中市,神岡區,3413,中縣神岡店,429台中市神岡區和睦路一段285號
台中市,大肚區,3160,中縣中秋店,432台中市大肚區自由路212-9號
台中市,沙鹿區,4532,沙鹿竹林店,433台中市沙鹿區中山路１１７、１１７－１、１１７－２號
台中市,沙鹿區,G820,中縣中山店,"433台中市沙鹿區中山路294,296號"
台中市,沙鹿區,3366,中縣中航店,433台中市沙鹿區中航路一段310號
台中市,沙鹿區,2809,中縣中宜店,433台中市沙鹿區北勢東路557號
台中市,沙鹿區,4722,沙鹿正德店,433台中市沙鹿區埔子里17鄰正德路126號
台中市,沙鹿區,G813,中縣靜宜店,433台中市沙鹿區臺灣大道七段2號
台中市,龍井區,4517,龍井茄投店,434台中市龍井區茄投路1之1號壹樓
台中市,梧棲區,G850,中縣大智店,435台中市梧棲區大智路二段253號
台中市,梧棲區,2869,中縣中炫店,435台中市梧棲區中央路1段625號
台中市,梧棲區,2768,中縣中棲店,435台中市梧棲區台灣大道八段398-1號
台中市,梧棲區,4516,梧棲向上店,435台中市梧棲區向上路八段９６７號
台中市,梧棲區,4888,梧棲市場店,435台中市梧棲區自強二街76號(1樓攤位區及地下室)
台中市,梧棲區,4580,梧棲火力店,435台中市梧棲區臨港路三段１７６號
台中市,清水區,G816,中縣中華店,"436台中市清水區中華路405,407號"
台中市,清水區,4864,清水五權東店,436台中市清水區五權東路125號一樓全部
台中市,清水區,2603,中縣中燕店,436台中市清水區民族路二段368號
台中市,清水區,4909,清水米糕店,436台中市清水區西寧路4號1、2樓全部，6號1樓全部
台中市,清水區,3321,中縣甲南店,436台中市清水區菁埔里中山路563號
台中市,大甲區,2520,中縣中幼店,437台中市大甲區中山路二段５８４－５號
台中市,大甲區,2653,中縣中寶店,437台中市大甲區幼獅路一號一樓
台中市,大甲區,4477,大甲甲旺店,437台中市大甲區甲后路五段271、273號一樓
台中市,大甲區,4056,大甲致用店,437台中市大甲區甲東路512號
台中市,大甲區,2553,中縣中獅店,437台中市大甲區經國路1932號
台中市,大甲區,G961,中縣大甲店,437台中市大甲區經國路407號
台中市,大甲區,3706,中縣彈正店,437台中市大甲區彈正路一號
台中市,外埔區,4665,外埔馬鳴埔店,438台中市外埔區大馬路186號
彰化縣,彰化市,2036,彰市三民店,500彰化縣彰化市三民路386號
彰化縣,彰化市,4767,彰化漢銘店,500彰化縣彰化市中山路一段366號
彰化縣,彰化市,K828,彰化國聖店,500彰化縣彰化市中山路三段706號
彰化縣,彰化市,L526,中聯彰化店,500彰化縣彰化市中正路二段680號1樓部份
彰化縣,彰化市,L541,開利大埔店,500彰化縣彰化市延平路398巷28號1樓部份
彰化縣,彰化市,4178,彰化延和店,500彰化縣彰化市延和里18鄰大埔路251號
彰化縣,彰化市,L512,車麗屋金馬店,500彰化縣彰化市金馬路三段198號
彰化縣,彰化市,K862,彰化金馬店,500彰化縣彰化市金馬路三段497號
彰化縣,彰化市,3617,彰化旭光店,500彰化縣彰化市南校街135號
彰化縣,彰化市,3122,彰化彰基二店,500彰化縣彰化市南校街135號2樓
彰化縣,彰化市,3121,彰化彰基一店,500彰化縣彰化市南校街135號5樓
彰化縣,彰化市,2822,彰化彰鴻店,500彰化縣彰化市泰和東街372號
彰化縣,彰化市,4581,彰化西勢子店,500彰化縣彰化市彰和路一段56巷1號一樓
彰化縣,彰化市,3709,彰化彰慶店,500彰化縣彰化市辭修路515號
彰化縣,花壇鄉,3293,彰縣彰花店,503彰化縣花壇鄉中山路一段72號
彰化縣,花壇鄉,3138,彰縣彰壇店,503彰化縣花壇鄉番花路5號
彰化縣,花壇鄉,4192,花壇彰員店,503彰化縣花壇鄉彰員路二段81號
彰化縣,花壇鄉,4366,花壇虎山店,"503彰化縣花壇鄉彰員路三段166,168,170號,虎山街420號一樓部份"
彰化縣,鹿港鎮,4620,鹿港天后店,505彰化縣鹿港鎮中山路３４０號１、２樓全部
彰化縣,鹿港鎮,4605,鹿港晨安店,505彰化縣鹿港鎮中山路519號一樓全部
彰化縣,鹿港鎮,4816,鹿港路加店,505彰化縣鹿港鎮永安里永安二路52號
彰化縣,鹿港鎮,4796,鹿港安定店,505彰化縣鹿港鎮自由路153號
彰化縣,鹿港鎮,2498,彰縣彰鼎店,505彰化縣鹿港鎮頂番里頂草路一段106號
彰化縣,鹿港鎮,3839,彰縣安可店,505彰化縣鹿港鎮鹿工南一路1巷1、3號
彰化縣,鹿港鎮,3649,彰縣鹿和店,505彰化縣鹿港鎮鹿和路四段265號
彰化縣,鹿港鎮,4603,鹿港鹿草店,"505彰化縣鹿港鎮鹿草路一段281,285號1樓"
彰化縣,鹿港鎮,2839,彰縣彰宜店,505彰化縣鹿港鎮彰濱五路二段292號
彰化縣,福興鄉,3792,彰縣沿海店,506彰化縣福興鄉沿海路五段252-8號
彰化縣,福興鄉,3572,彰縣番花店,506彰化縣福興鄉番花路二段８６７號
彰化縣,線西鄉,3445,彰縣線西店,507彰化縣線西鄉和線路909號
彰化縣,和美鎮,4692,和美郭靖店,508彰化縣和美鎮彰和路三段臨381號
彰化縣,和美鎮,3986,和美星河店,508彰化縣和美鎮彰新路五段455號
彰化縣,和美鎮,4336,和美黃蓉店,508彰化縣和美鎮線東路三段496.498號
彰化縣,員林市,4271,員林山腳店,510彰化縣員林市山腳路一段34、36、38號
彰化縣,員林市,3689,彰縣大方店,510彰化縣員林市山腳路二段11號
彰化縣,員林市,2277,彰縣彰誠店,510彰化縣員林市中山南路38.40號
彰化縣,員林市,2029,彰縣員林店,510彰化縣員林市中山路2段2號
彰化縣,員林市,4839,員林靜修店,510彰化縣員林市中山路二段87號一樓、二樓(含地下室3格停車位)
彰化縣,員林市,4691,員林員外店,510彰化縣員林市中正路256號1樓
彰化縣,員林市,4455,員林鐵站店,510彰化縣員林市民權街55號
彰化縣,員林市,4589,員林大道店,510彰化縣員林市南平里復興二街120號
彰化縣,員林市,2592,彰縣彰百店,510彰化縣員林市員水路一段170號
彰化縣,員林市,4795,員林員水店,510彰化縣員林市員水路一段臨503號
彰化縣,員林市,4438,員林員基店,510彰化縣員林市莒光路456號6樓
彰化縣,員林市,L511,車麗屋員林店,510彰化縣員林市莒光路555號
彰化縣,社頭鄉,4332,社頭清水岩店,511彰化縣社頭鄉山腳路一段456號
彰化縣,社頭鄉,3338,彰縣彰鳳店,511彰化縣社頭鄉山腳路三段230號
彰化縣,社頭鄉,4427,社頭樂活店,511彰化縣社頭鄉員集路三段750號
彰化縣,永靖鄉,4520,永靖九分店,512彰化縣永靖鄉九分路452號1樓
彰化縣,永靖鄉,4810,永靖五汴頭店,512彰化縣永靖鄉中山路三段476.480號
彰化縣,溪湖鎮,3090,彰縣彰福店,514彰化縣溪湖鎮二溪路二段612號
彰化縣,溪湖鎮,2466,彰縣彰湖店,514彰化縣溪湖鎮東溪里員鹿路一段253號
彰化縣,溪湖鎮,4631,溪湖甜心店,514彰化縣溪湖鎮彰水路二段823號
彰化縣,埔鹽鄉,3460,彰縣埔鹽店,516彰化縣埔鹽鄉中正路231號一樓233號
彰化縣,田中鎮,4478,田中大社店,520彰化縣田中鎮中正路577號
彰化縣,北斗鎮,4496,北斗七星店,521彰化縣北斗鎮復興路145-1號
彰化縣,埤頭鄉,2873,彰縣明苑店,523彰化縣埤頭鄉文化路369號
彰化縣,埤頭鄉,4415,埤頭稻興店,523彰化縣埤頭鄉斗苑西路92號
彰化縣,溪州鄉,J858,彰縣溪州店,524彰化縣溪州鄉中山路三段371號
彰化縣,二林鎮,4431,二林鴻苑店,526彰化縣二林鎮斗苑路五段109、111、113號
南投縣,南投市,4632,南投八卦店,540南投縣南投市八卦路1258號
南投縣,南投市,2626,南投投順店,540南投縣南投市南崗三路240號
南投縣,南投市,L520,有省錢南陽店,540南投縣南投市南陽路69號1樓部份
南投縣,南投市,L521,好鄰居彰南店,540南投縣南投市彰南路三段539號1樓部份
南投縣,中寮鄉,4611,中寮香蕉店,541南投縣中寮鄉永平路445-48號
南投縣,草屯鎮,4562,草屯草鞋墩店,542南投縣草屯鎮山腳里28鄰太平路一段48號1樓全部及法定空地
南投縣,草屯鎮,2636,南投投源店,542南投縣草屯鎮芬草路二段561號
南投縣,草屯鎮,2955,南投投家店(暫歇中),542南投縣草屯鎮博愛路1321號
南投縣,草屯鎮,3422,南投投香店,542南投縣草屯鎮新豐路298號
南投縣,國姓鄉,3219,南投國姓店,544南投縣國姓鄉中正路一段100-1號
南投縣,埔里鎮,4941,埔里美人店,545南投縣埔里鎮北環路51號壹樓部份
南投縣,埔里鎮,4299,埔里愛埔店,545南投縣埔里鎮南村里中山路四段176-1號
南投縣,名間鄉,2079,南投員集店,551南投縣名間鄉濁水村員集路33-17號
南投縣,集集鎮,4653,集集火車店,552南投縣集集鎮民生路113號
南投縣,水里鄉,4725,水里車埕店,553南投縣水里鄉民生路290號
南投縣,竹山鎮,4780,竹山南雲店,557南投縣竹山鎮中和路12之1號
南投縣,竹山鎮,2875,南投投喜店,557南投縣竹山鎮自強路1號
南投縣,竹山鎮,4737,竹山前山店,557南投縣竹山鎮前山路一段205號
南投縣,竹山鎮,4828,竹山桂竹店,557南投縣竹山鎮興隆街43號
南投縣,鹿谷鄉,4711,鹿谷農會店,558南投縣鹿谷鄉中正路二段77號
嘉義縣,番路鄉,2417,嘉縣嘉路店,602嘉義縣番路鄉下坑村下坑４６號
嘉義縣,番路鄉,4394,番路雲海店,602嘉義縣番路鄉公田村隙頂52-11號
嘉義縣,梅山鄉,4901,梅山梅花店,603嘉義縣梅山鄉工業一路2號
嘉義縣,梅山鄉,2462,嘉縣嘉梅店,603嘉義縣梅山鄉中山路579號
嘉義縣,梅山鄉,3110,嘉縣嘉樂店,603嘉義縣梅山鄉梅北村中山路296號
嘉義縣,竹崎鄉,2917,嘉縣嘉棹店,604嘉義縣竹崎鄉中和村石棹２２之１９號
嘉義縣,竹崎鄉,2725,嘉縣嘉竹店,604嘉義縣竹崎鄉紫雲村大竹圍１４之９號
嘉義縣,中埔鄉,3542,嘉縣和發店,606嘉義縣中埔鄉中山路5段736號
嘉義縣,水上鄉,4339,水上萬能店,608嘉義縣水上鄉萬能路一號
嘉義縣,水上鄉,4401,水上志航店,608嘉義縣水上鄉榮典路1-1號(嘉義空軍基地)
嘉義縣,太保市,4583,太保前潭店,612嘉義縣太保市前潭里後潭160.160之1號壹樓全部
嘉義縣,太保市,2572,太保嘉太店,612嘉義縣太保市麻太路200&202號
嘉義縣,太保市,4490,太保風鈴店,612嘉義縣太保市舊埤里17鄰新埤5之18號
嘉義縣,朴子市,3290,朴子松梅店,613嘉義縣朴子市松華里牛挑灣351號
嘉義縣,東石鄉,4833,東石農會店,614嘉義縣東石鄉猿樹村147號壹樓
嘉義縣,新港鄉,3086,嘉縣嘉月店,616嘉義縣新港鄉月眉村127.128-1號
嘉義縣,民雄鄉,4743,民雄三興店,621嘉義縣民雄鄉三興村神農路42號壹樓全部
嘉義縣,民雄鄉,4238,民雄北勢子店,621嘉義縣民雄鄉北斗村北勢子1-101號
嘉義縣,民雄鄉,4576,民雄頭橋店,621嘉義縣民雄鄉興南村工業一路2號
嘉義縣,大林鎮,3594,嘉縣中坑二店,622嘉義縣大林鎮中坑里沙崙1-10號
嘉義縣,大林鎮,3590,嘉縣中坑店(暫歇中),622嘉義縣大林鎮中坑里沙崙1-9號
嘉義縣,大林鎮,2067,嘉縣大林店,622嘉義縣大林鎮平林里6鄰下潭底23-5號
嘉義縣,布袋鎮,4595,布袋海運店,625嘉義縣布袋鎮中正路143號
雲林縣,大埤鄉,2364,雲縣雲發店,631雲林縣大埤鄉尚義村延平路三段582.584號
雲林縣,虎尾鎮,4610,虎尾若瑟店,632雲林縣虎尾鎮光復路353號
雲林縣,虎尾鎮,3091,雲縣大成店(暫歇中),632雲林縣虎尾鎮成平街21號
雲林縣,虎尾鎮,3169,雲縣雲內店,632雲林縣虎尾鎮埒內80.81號
雲林縣,虎尾鎮,4814,虎尾頂溪店,632雲林縣虎尾鎮頂溪里10鄰過溪65-5號
雲林縣,虎尾鎮,4734,虎尾科學店,632雲林縣虎尾鎮復興路220號
雲林縣,虎尾鎮,4410,虎尾虎醫店,632雲林縣虎尾鎮廉使里學府路95號B1
雲林縣,土庫鎮,3753,雲縣土庫店,633雲林縣土庫鎮復興路90號
雲林縣,台西鄉,4729,台西蚊港店,636雲林縣台西鄉蚊港村134號
雲林縣,崙背鄉,3518,雲縣雲鼎店,637雲林縣崙背鄉大有村大有路158之3號
雲林縣,崙背鄉,2346,雲縣雲鑽店,637雲林縣崙背鄉南光路4號.中山路265.267號
雲林縣,麥寮鄉,4345,麥寮麥田店,638雲林縣麥寮鄉麥津村１７鄰中山路４１２號１樓部份
雲林縣,斗六市,4995,斗六雲科大,640雲林縣斗六市大學路三段123號
雲林縣,斗六市,3467,斗六雲大店,640雲林縣斗六市大學路三段233號
雲林縣,斗六市,M853,斗六莊敬店,640雲林縣斗六市中正路212號
雲林縣,斗六市,4052,斗六鑫雲霸店,640雲林縣斗六市仁義路146號
雲林縣,斗六市,2083,斗六西平店,640雲林縣斗六市北平路1號
雲林縣,斗六市,2503,斗六雲德店,640雲林縣斗六市明德路453.455號
雲林縣,斗六市,4515,斗六宏泰店,640雲林縣斗六市南京西路102號
雲林縣,斗六市,4409,斗六斗醫店,640雲林縣斗六市雲林路二段579號1樓
雲林縣,斗六市,3067,斗六雲萬店,640雲林縣斗六市萬年路632號
雲林縣,斗六市,M861,斗六鎮北二店,640雲林縣斗六市鎮北路64號
雲林縣,古坑鄉,4119,古坑華山店,646雲林縣古坑鄉崁腳村五鄰新興100號
雲林縣,莿桐鄉,2576,雲縣雲桐店,647雲林縣莿桐鄉中正路165號
雲林縣,北港鎮,4693,北港黑金剛店,651雲林縣北港鎮穎寧街72號
雲林縣,四湖鄉,4939,四湖飛沙村,654雲林縣四湖鄉飛沙村大同路８５號
台南市,中西區,L508,車麗屋台南店,700台南市中西區中華西路二段76號
台南市,中西區,4612,台南湖美店,700台南市中西區民權路四段138號
台南市,中西區,2290,台南南新店,700台南市中西區西門路一段580號
台南市,中西區,4440,台南采風店,700台南市中西區青年路１９４號
台南市,東區,4109,台南東環店,701台南市東區大同路一段59號
台南市,東區,2627,台南南森店,701台南市東區林森路二段１９２巷２９號
台南市,東區,4724,台南長中店,701台南市東區林森路二段79號
台南市,東區,2645,台南南德店,701台南市東區崇德路９８６號一樓
台南市,東區,3757,台南尚美店,701台南市東區勝利路41號
台南市,東區,4356,台南德光店,701台南市東區德光街106號
台南市,南區,4032,台南翔新店,702台南市南區中華南路二段298.296.294號1樓
台南市,南區,3109,台南華文店,702台南市南區永華路一段269號
台南市,南區,2512,台南南慶店,702台南市南區西門路一段277號
台南市,南區,3522,台南新建店,702台南市南區新建路37巷2號1樓
台南市,南區,3146,台南南都店,"702台南市南區德興路1號,3號及新都路467號"
台南市,北區,2205,台南南園店,704台南市北區南園街103號
台南市,北區,4984,台南成大城,704台南市北區開元路515號
台南市,北區,2074,南市海安店,704台南市北區臨安路2段215號
台南市,安平區,3592,台南古堡店,708台南市安平區安北路405.407號
台南市,安平區,4240,台南康平店,708台南市安平區健康三街188之1號
台南市,安南區,4621,安南長和店,709台南市安南區長和路一段406號
台南市,安南區,4331,台南安工店,709台南市安南區科技公園大道15號
台南市,安南區,4975,安南敦安店,709台南市安南區敦安街97號1+2樓範圍全部
台南市,安南區,4593,安南惠安店,709台南市安南區溪頂里23鄰惠安街102&104號
台南市,永康區,3532,永康上永店,710台南市永康區中正北路314號
台南市,永康區,2063,永康洲尾店,710台南市永康區中正南路649號
台南市,永康區,4459,永康飛翔店,710台南市永康區中正南路855號
台南市,永康區,3101,永康南俊店,710台南市永康區中正路890號一樓
台南市,永康區,4436,永康巧遇店,710台南市永康區永勝街1號
台南市,永康區,4458,永康真愛店,710台南市永康區東橋七路185號
台南市,永康區,4379,永康東橋店,710台南市永康區東橋十街47號壹樓全部
台南市,永康區,4176,永康榮醫店,710台南市永康區復興里5鄰復興路405號
台南市,歸仁區,4446,歸仁航特二店,711台南市歸仁區中正北路二段75巷71號(陸軍航空特戰指揮部)
台南市,歸仁區,4555,歸仁武東店,711台南市歸仁區中正南路三段242號
台南市,歸仁區,4181,歸仁航特店,711台南市歸仁區南丁路188號
台南市,新化區,4290,新化知義店,712台南市新化區知義里新和庄55-1號
台南市,新化區,4636,新化崙頂店,712台南市新化區崙頂里崙子頂６４之３、６４之５號
台南市,玉井區,4798,玉井芒果店,714台南市玉井區中山路82之1號
台南市,楠西區,4417,楠西茄菝店,715台南市楠西區東勢里中正路179、179-1、179-2號
台南市,南化區,4899,南化龍眼店,716台南市南化區北寮里1鄰北寮11號
台南市,仁德區,4545,仁德嘉藥店,717台南市仁德區二仁路一段157、159號
台南市,仁德區,4294,仁德二仁店,717台南市仁德區二仁路一段99號(含停車空間)
台南市,仁德區,2846,南縣南工店,717台南市仁德區中正路一段３４０號
台南市,關廟區,4872,關廟鳳梨店,718台南市關廟區香洋里中央路230號1樓
台南市,龍崎區,3905,龍崎關北店,719台南市龍崎區楠坑里楠坑12-1號(關廟服務區-北上)
台南市,龍崎區,3904,龍崎關南店,719台南市龍崎區楠坑里楠坑12-1號(關廟服務區-南下)
台南市,官田區,4130,官田建業店,720台南市官田區二鎮里工業路21號
台南市,麻豆區,4269,麻豆麻口店,721台南市麻豆區麻口里１鄰麻豆口１之３９號
台南市,麻豆區,3669,南縣麻庄店,721台南市麻豆區寮部里寮子部166之17號
台南市,佳里區,4050,佳里奇佳店,722台南市佳里區六安里六安117之46號
台南市,七股區,3561,南縣大潭店,724台南市七股區大潭村台潭25號
台南市,將軍區,4669,將軍馬沙溝店,725台南市將軍區平沙里1鄰平沙1之19號
台南市,將軍區,3205,南縣南歐店,725台南市將軍區西華村5鄰西華67-23號
台南市,北門區,4281,北門鹽福店,727台南市北門區永隆里北門1號
台南市,新營區,4613,新營郵政店,730台南市新營區中山路126號
台南市,新營區,3328,新營南光店,730台南市新營區中興路62號
台南市,新營區,L507,車麗屋新營店,730台南市新營區民生路172號
台南市,新營區,4638,新營交流道店,730台南市新營區復興路622號
台南市,後壁區,4678,後壁頭前店,731台南市後壁區後壁195之17號
台南市,白河區,4012,白河聯訓店,732台南市白河區內角里２號
台南市,白河區,4582,白河美人店,732台南市白河區關嶺里關子嶺38之1號全部
台南市,東山區,4116,東山百榕店,733台南市東山區枋子林74-6號
台南市,安定區,2790,南縣南定店,745台南市安定區六嘉村32之1號
高雄市,新興區,4847,六合夜市店,800高雄市新興區六合二路６６號
高雄市,新興區,4869,新興錦田店,800高雄市新興區錦田路54號
高雄市,前金區,U295,高市大同店,801高雄市前金區大同二路11號
高雄市,前金區,4792,前金新田店,801高雄市前金區新田路323號
高雄市,苓雅區,4274,高市軍醫三店,802高雄市苓雅區中正一路2號(軍陣大樓)
高雄市,苓雅區,2265,高市軍醫店,802高雄市苓雅區中正一路二號
高雄市,苓雅區,4121,高市正民店,"802高雄市苓雅區正言路11,13號"
高雄市,苓雅區,3495,高市武慶店,802高雄市苓雅區武慶三路74及76號
高雄市,苓雅區,4067,高市英祥店,802高雄市苓雅區英祥街17號
高雄市,苓雅區,3277,高市雅福店,802高雄市苓雅區福德二路5號
高雄市,鼓山區,4639,鼓山明誠店,804高雄市鼓山區中華一路97號
高雄市,鼓山區,4526,鼓山華泰店,804高雄市鼓山區華榮路562號及華泰路257號
高雄市,鼓山區,T279,高市鼓元店,804高雄市鼓山區鼓元街84號
高雄市,鼓山區,3817,高市學亨店,804高雄市鼓山區蓮海路70號
高雄市,鼓山區,4860,鼓山龍德店,804高雄市鼓山區龍德路261號
高雄市,鼓山區,4051,高市濱海店,804高雄市鼓山區濱海一路109號
高雄市,旗津區,3667,高市旗海店,805高雄市旗津區中洲三路480號
高雄市,前鎮區,2054,高市復興店,806高雄市前鎮區中山二路1號
高雄市,前鎮區,3952,高市高工店,806高雄市前鎮區光華二路80號
高雄市,前鎮區,4324,高市展館店,806高雄市前鎮區成功二路39號高雄展覽館編號S04商店
高雄市,前鎮區,3976,高市福鑽店,806高雄市前鎮區金福路95&97號
高雄市,前鎮區,4022,高市鎮港店,"806高雄市前鎮區新生路135-2,3,4號及漁港北一路1,3號"
高雄市,前鎮區,3435,高市瑞福店,806高雄市前鎮區瑞福路185號
高雄市,前鎮區,U288,高市漁港店,806高雄市前鎮區漁港中二路42號
高雄市,前鎮區,2136,高市鎮榮店,806高雄市前鎮區鎮興路１０７號及１０９－１號
高雄市,三民區,2641,高市高進店,807高雄市三民區九如一路２２７號
高雄市,三民區,3247,高市科工店,807高雄市三民區九如一路533、535號
高雄市,三民區,4433,高市鼎盛店,807高雄市三民區大中一路233號一、二樓全部及235巷1號2樓全部
高雄市,三民區,4252,高市文藻店,807高雄市三民區民族一路900號(行政大樓B1福利社)
高雄市,三民區,4846,三民千禧店,807高雄市三民區民族一路900號
高雄市,三民區,T280,高市建工店,807高雄市三民區建工路304號
高雄市,三民區,3350,高市高應大店,807高雄市三民區建工路415號
高雄市,三民區,2282,高市高順店,807高雄市三民區建工路582號
高雄市,三民區,4314,高市元隆店,807高雄市三民區建元路62號
高雄市,三民區,4235,高市大港店,"807高雄市三民區建國二路210,212,214號1樓"
高雄市,三民區,4763,三民長明店,807高雄市三民區建國二路28號
高雄市,三民區,4085,高市鼎力店,807高雄市三民區鼎力路100號
高雄市,三民區,4151,高市鼎金店,807高雄市三民區鼎中路139號
高雄市,楠梓區,4086,高市盛昌店,811高雄市楠梓區三山街61之7號
高雄市,楠梓區,4566,楠梓高大店,811高雄市楠梓區大學南路309號1樓
高雄市,楠梓區,T711,高市陸橋店,811高雄市楠梓區高楠公路1757號
高雄市,楠梓區,4634,楠梓常德店,811高雄市楠梓區常德路324巷10號
高雄市,楠梓區,2558,高市高梓店,811高雄市楠梓區楠梓新路２５７＆２５９號一樓
高雄市,楠梓區,4354,高市三山店,811高雄市楠梓區德民路1260號
高雄市,楠梓區,4195,高市藍田店,811高雄市楠梓區藍田路948號
高雄市,小港區,4212,高市港院店,812高雄市小港區山明路482號
高雄市,小港區,3386,高市東林店,812高雄市小港區東林路12之5號
高雄市,小港區,4463,高市亞路米店,812高雄市小港區高坪七路1號
高雄市,小港區,3126,高市高旅店,812高雄市小港區博學路579&581號
高雄市,左營區,4501,左營榮華店,813高雄市左營區大中一路386號
高雄市,左營區,4378,高市康定店,813高雄市左營區介壽路10號(西碼頭)
高雄市,左營區,4377,高市新艦隊店,813高雄市左營區介壽路10號
高雄市,左營區,4648,左營碼頭店,813高雄市左營區介壽路20號
高雄市,左營區,4557,左營廟東店,813高雄市左營區左營大路400號及402號
高雄市,左營區,4771,左營正心店,813高雄市左營區正心街102號1+2樓全部
高雄市,左營區,4751,左營陸戰店,813高雄市左營區先鋒路9號
高雄市,左營區,3049,高市高育店(暫歇中),813高雄市左營區明華一路72號及辛亥路87號
高雄市,左營區,3950,高市海總店,813高雄市左營區軍校路553號(國軍左營總醫院1樓大廳)
高雄市,左營區,4491,左營典愛店,813高雄市左營區重和路22號
高雄市,左營區,2999,高市高富店,813高雄市左營區富民路350號
高雄市,左營區,4165,高市合群店,"813高雄市左營區緯六路250,252號"
高雄市,仁武區,4618,仁武永仁店,814高雄市仁武區八卦里永仁街272-1號
高雄市,仁武區,4021,仁武新德店,814高雄市仁武區八德中路180號1 樓
高雄市,仁武區,4296,仁武澄湖店,814高雄市仁武區八德東路585號 
高雄市,仁武區,4170,仁武正和店,814高雄市仁武區中正路93號
高雄市,仁武區,3672,高縣仁忠店,"814高雄市仁武區仁和村仁忠路86號,92號1樓"
高雄市,仁武區,L527,愛國超市仁忠,814高雄市仁武區仁忠路149號
高雄市,仁武區,4831,仁武仁林店,814高雄市仁武區仁林路263、263-1、263-2號
高雄市,仁武區,3513,高縣鼎仁店,814高雄市仁武區仁雄路467號
高雄市,仁武區,4932,仁武八卦寮,814高雄市仁武區永仁街79-1號
高雄市,仁武區,S272,高縣鳳仁店,814高雄市仁武區永宏巷2號
高雄市,仁武區,4250,仁武鳳成店,814高雄市仁武區考潭里鳳仁路4-6號
高雄市,大社區,2562,高縣高龍店,815高雄市大社區中山路４５９號
高雄市,大社區,4577,大社中里店,815高雄市大社區中里里三民路96號
高雄市,大社區,3875,大社鑫龍店,815高雄市大社區金龍路120號一樓
高雄市,大社區,4530,大社翠屏店,815高雄市大社區翠屏路84巷4-2號
高雄市,岡山區,3714,高縣航院店,820高雄市岡山區介壽西路198號
高雄市,岡山區,4655,岡山飛鷹店,820高雄市岡山區介壽西路西首1號
高雄市,岡山區,3712,高縣巨輪店,820高雄市岡山區巨輪路1號
高雄市,岡山區,3725,高縣岡本店,820高雄市岡山區本洲路55-47號
高雄市,岡山區,3661,高縣岡仁店,820高雄市岡山區筧橋路1號
高雄市,岡山區,4127,岡山仁貴店,820高雄市岡山區嘉新東路79之5號
高雄市,路竹區,4062,路竹社東店,821高雄市路竹區復興路319號
高雄市,阿蓮區,4897,阿蓮天山店,822高雄市阿蓮區復安路232號
高雄市,燕巢區,4310,燕巢工訓店,824高雄市燕巢區中西路1號
高雄市,燕巢區,3988,燕巢援巢店,824高雄市燕巢區中興北路16號
高雄市,橋頭區,3972,橋頭仕豐店(暫歇中),825高雄市橋頭區仕豐路111之7號
高雄市,橋頭區,4965,橋頭棋琴店,825高雄市橋頭區經武路1050號
高雄市,梓官區,4482,梓官港口店,826高雄市梓官區中正路137號
高雄市,永安區,3586,高縣永新店,828高雄市永安區維新路155-1號
高雄市,湖內區,4862,湖內大湖店,829高雄市湖內區中山路一段451之5號
高雄市,鳳山區,2760,鳳山高行店,830高雄市鳳山區力行路８１＆８３號
高雄市,鳳山區,4253,鳳山工協店,"830高雄市鳳山區工協街26,28號"
高雄市,鳳山區,L509,車麗屋鳳山店,830高雄市鳳山區五甲一路261號
高雄市,鳳山區,S269,鳳山五福店,830高雄市鳳山區五福二路82號
高雄市,鳳山區,3670,鳳山文鳳店,830高雄市鳳山區文化路71號&69之6號
高雄市,鳳山區,4348,鳳山文東店,830高雄市鳳山區文龍東路240號
高雄市,鳳山區,S373,鳳山鳳福店,830高雄市鳳山區自強一路177號
高雄市,鳳山區,3690,鳳山鳳祥店,830高雄市鳳山區自強二路88號1樓
高雄市,鳳山區,4362,鳳山府前店,"830高雄市鳳山區府前路38號,40號及42號全部"
高雄市,鳳山區,S380,鳳山高鳳店,830高雄市鳳山區高鳳一路1號
高雄市,鳳山區,4174,鳳山鳳頂店,830高雄市鳳山區高鳳一路70號
高雄市,鳳山區,4974,鳳山預校二店,830高雄市鳳山區凱旋路1-8號
高雄市,鳳山區,4099,鳳山預校店,830高雄市鳳山區凱旋路1-8號
高雄市,鳳山區,2047,鳳山博愛店,830高雄市鳳山區博愛路351號
高雄市,鳳山區,4182,鳳山黃埔店,830高雄市鳳山區維武路1號
高雄市,鳳山區,4524,鳳山南訓店,830高雄市鳳山區維武路1號
高雄市,鳳山區,3282,鳳山鳳育店,830高雄市鳳山區鳳育路2號及和成路５１９－１號
高雄市,鳳山區,4293,鳳山步校店,830高雄市鳳山區鳳頂路1000號142營舍一樓
高雄市,大寮區,4861,大寮周廣店,831高雄市大寮區大寮里大寮路742號
高雄市,大寮區,2166,高縣光明店,831高雄市大寮區大寮路830號                           
高雄市,大寮區,4003,大寮正順店,831高雄市大寮區中正路22號
高雄市,大寮區,2781,高縣高庄店,831高雄市大寮區中庄村中庄路1號
高雄市,大寮區,4776,大寮過溪店,831高雄市大寮區光明路一段953號
高雄市,大寮區,S884,高縣後庄店,831高雄市大寮區後庄村成功路60號
高雄市,大寮區,4277,大寮興會結店,831高雄市大寮區華中南路1066號
高雄市,大寮區,4169,大寮潮龍店,831高雄市大寮區華中南路153號
高雄市,大寮區,4738,大寮工業店,831高雄市大寮區華中路1號
高雄市,大寮區,4245,大寮新林店,831高雄市大寮區新厝路1號
高雄市,大寮區,3356,高縣翁園店,831高雄市大寮區萬丹路1112號
高雄市,大寮區,3401,高縣高金店,831高雄市大寮區萬丹路609號
高雄市,大寮區,3992,大寮鑫鳳林店,831高雄市大寮區鳳林三路97&99&101號
高雄市,大寮區,L523,愛國超市鳳林,831高雄市大寮區鳳林四路14-2號
高雄市,大寮區,4173,大寮江山店,"831高雄市大寮區鳳屏二路84,86,88號"
高雄市,林園區,4635,林園五塊厝店,832高雄市林園區五福路250號
高雄市,林園區,2545,高縣高林店,832高雄市林園區忠孝西路３５號及福興街１８２號
高雄市,林園區,4037,林園建佑店,832高雄市林園區東林西路356號
高雄市,鳥松區,4370,鳥松夢裡店,833高雄市鳥松區大仁北路125號
高雄市,鳥松區,3613,高縣神農店,833高雄市鳥松區仁美里神農路720-1號
高雄市,鳥松區,3711,高縣松陽店,833高雄市鳥松區本館路279號1樓
高雄市,大樹區,4927,大樹荔枝店,840高雄市大樹區九大路356-6號
高雄市,大樹區,3982,大樹普門店,840高雄市大樹區大坑路140-11號
高雄市,大樹區,4231,大樹義大店,840高雄市大樹區學城路一段131號
高雄市,大樹區,4704,大樹遊樂店,840高雄市大樹區學城路一段5號壹樓
高雄市,美濃區,3989,美濃城門店,843高雄市美濃區合和里成功路218號
高雄市,杉林區,4107,杉林大愛店,846高雄市杉林區大愛路1號
屏東縣,屏東市,2076,屏市迪化店,900屏東縣屏東市中山路128號
屏東縣,屏東市,4488,屏東太陽城店,900屏東縣屏東市公勇路62號
屏東縣,屏東市,4794,屏東公裕店,900屏東縣屏東市公裕街167號及北勢段639-10.12.26地號
屏東縣,屏東市,4713,屏東大學店,900屏東縣屏東市民生路4-18號
屏東縣,屏東市,3069,屏東屏佳店,900屏東縣屏東市民族路75號
屏東縣,屏東市,3823,屏東屏榮店,900屏東縣屏東市民學路100號
屏東縣,屏東市,4719,屏東水源店,900屏東縣屏東市林森路東段100號
屏東縣,屏東市,4115,屏東建欣店,900屏東縣屏東市建國路113之2號
屏東縣,屏東市,4267,屏東崇朝店,900屏東縣屏東市崇朝一路160號
屏東縣,屏東市,2961,屏東屏敬店,900屏東縣屏東市莊敬街一段５６號
屏東縣,屏東市,3548,屏東空軍店,900屏東縣屏東市勝利路330號
屏東縣,屏東市,4930,屏東空訓店,900屏東縣屏東市勝利路330號
屏東縣,屏東市,4278,屏東豐光店,900屏東縣屏東市瑞光路二段212號
屏東縣,屏東市,4372,屏東好豐年店,900屏東縣屏東市豐年街149號
屏東縣,鹽埔鄉,3036,屏縣屏欣店,907屏東縣鹽埔鄉新圍村維新路112之1號
屏東縣,長治鄉,4721,長治德協店,908屏東縣長治鄉德協村中興路627號
屏東縣,長治鄉,4895,長治久安店,908屏東縣長治鄉黎明路26號&水源路41之1號
屏東縣,內埔鄉,2968,屏縣屏瑋店,912屏東縣內埔鄉美和村學人路２９１號
屏東縣,內埔鄉,4405,內埔埔勝店,912屏東縣內埔鄉勝利路230、232號
屏東縣,內埔鄉,4428,內埔屏科店,912屏東縣內埔鄉學府路1號
屏東縣,萬丹鄉,4411,萬丹香社店,"913屏東縣萬丹鄉香社村中興路一段125,127號"
屏東縣,潮州鎮,4335,潮州永春店,920屏東縣潮州鎮大同路75號
屏東縣,潮州鎮,4489,潮州驛站店,920屏東縣潮州鎮信義路111號
屏東縣,潮州鎮,4371,潮州京洲店,920屏東縣潮州鎮南京路15號
屏東縣,萬巒鄉,4654,萬巒佳興店,923屏東縣萬巒鄉佳和村佳興路32-1號一樓全部
屏東縣,萬巒鄉,4731,萬巒教堂店,923屏東縣萬巒鄉萬金村萬德路2號及萬興路15號及17號全部
屏東縣,萬巒鄉,4156,萬巒萬金店,923屏東縣萬巒鄉萬金村營區路1號
屏東縣,林邊鄉,2659,屏縣屏邊店,927屏東縣林邊鄉仁和村4鄰中山路187號
屏東縣,東港鎮,4469,東港海坪店,"928屏東縣東港鎮中正路三段87,89號"
屏東縣,東港鎮,3491,屏縣東港店,928屏東縣東港鎮嘉蓮路1之3號壹樓
屏東縣,新園鄉,4659,新園鹽埔店,932屏東縣新園鄉中正路142號1樓
屏東縣,新園鄉,4753,新園鹽港店,932屏東縣新園鄉光復路126號
屏東縣,枋寮鄉,4948,枋寮新開店(暫歇中),940屏東縣枋寮鄉忠誠路1號
屏東縣,枋寮鄉,4976,枋寮東海店,940屏東縣枋寮鄉東海村東林路736號
屏東縣,枋山鄉,4832,枋山海景店,941屏東縣枋山鄉中山路三段61-1號
屏東縣,車城鄉,4403,車城元寶店,944屏東縣車城鄉福安村忠孝路168號
屏東縣,車城鄉,4031,車城福興店,944屏東縣車城鄉福興村中山路15號  
屏東縣,牡丹鄉,4876,牡丹花開店,"945屏東縣牡丹鄉石門路37號,37-1號"
屏東縣,恆春鎮,4750,恆春大光店,946屏東縣恆春鎮大光路89號
屏東縣,恆春鎮,3868,屏縣恆春店,946屏東縣恆春鎮恆南路29之8號
屏東縣,恆春鎮,2196,屏縣墾丁店,946屏東縣恆春鎮墾丁路198號
屏東縣,恆春鎮,2257,屏縣屏海店,946屏東縣恆春鎮墾丁路27號
金門縣,金湖鎮,4439,金門金航店,891金門縣金湖鎮尚義機場2號
新竹市,東區,4343,新竹文旅店,300新竹市東區大學路16號
新竹市,東區,F699,新竹錦華店,300新竹市東區中央路183號
新竹市,東區,L515,車麗屋新竹店,300新竹市東區中華路一段208號
新竹市,東區,3240,新竹竹賓店,300新竹市東區中華路二段206號
新竹市,東區,3143,新竹實中店,300新竹市東區介壽路300號
新竹市,東區,3078,新竹竹恩店,300新竹市東區文昌街69號、武昌街79號
新竹市,東區,2589,新竹竹利店,300新竹市東區水利路77、79號一樓
新竹市,東區,2561,新竹竹國店,300新竹市東區北大路1號
新竹市,東區,3745,新竹曙光店,300新竹市東區北大路61號
新竹市,東區,F712,新竹民權店,300新竹市東區民生路113號
新竹市,東區,F367,新竹民族店,"300新竹市東區民族路74號,民權路72號"
新竹市,東區,2113,新竹竹中店,300新竹市東區光復路一段32、34號
新竹市,東區,F621,新竹金城店,300新竹市東區光復路二段148號
新竹市,東區,2841,新竹竹蓉店,300新竹市東區光復路二段153號
新竹市,東區,2965,新竹竹旺店,300新竹市東區光復路二段275-1號
新竹市,東區,3699,新竹竹亮店,300新竹市東區光復路二段962號1樓
新竹市,東區,F246,新竹西大店,300新竹市東區西大路119號
新竹市,東區,4873,新竹一品店,300新竹市東區忠孝路279之9號
新竹市,東區,3963,新竹竹青店,300新竹市東區明湖路1010號
新竹市,東區,2635,新竹竹橋店,300新竹市東區明湖路712號
新竹市,東區,4087,新竹東美店,300新竹市東區東美路１６８號
新竹市,東區,4760,新竹廣場店,300新竹市東區林森路2號
新竹市,東區,2510,新竹竹森店,300新竹市東區林森路46號
新竹市,東區,F133,新竹武昌店,300新竹市東區武昌街12號
新竹市,東區,2952,新竹竹群店,300新竹市東區金山23街36、38號
新竹市,東區,4880,新竹護城河,300新竹市東區信義街68號壹樓全部
新竹市,東區,4645,新竹大蓮店,300新竹市東區南大路299、301號
新竹市,東區,F154,新竹南大三店,300新竹市東區南大路555號
新竹市,東區,2126,新竹建中店,300新竹市東區建中一路2號
新竹市,東區,4718,新竹創聯店,300新竹市東區科學園區力行六路2、6、10號
新竹市,東區,4736,新竹科園店,300新竹市東區科學園路151號及光復路一段531巷132、136號
新竹市,東區,3856,新竹埔頂店,300新竹市東區埔頂路586號
新竹市,東區,2552,新竹竹化店,300新竹市東區埔頂路71號
新竹市,東區,4123,新竹凱旋店,300新竹市東區振興路79、81號
新竹市,東區,2987,新竹竹高店,300新竹市東區高峰路1號
新竹市,東區,2765,新竹竹峰店,300新竹市東區高峰路386巷5號
新竹市,東區,2892,新竹竹翠店,300新竹市東區高翠路172-2號
新竹市,東區,4757,新竹水仙店,300新竹市東區園區二路325號
新竹市,東區,3436,新竹竹沐店,300新竹市東區經國路一段379巷1號
新竹市,東區,2901,新竹竹神店,300新竹市東區興學街117、119、121號
新竹市,東區,4305,新竹虹鑫店,300新竹市東區關東路125號
新竹市,北區,2261,新竹竹塹店,300新竹市北區中山路414號
新竹市,北區,2972,新竹竹勇店,300新竹市北區中和路146號壹樓
新竹市,北區,4485,新竹風采店,300新竹市北區北大路156號
新竹市,北區,2025,新竹林森店,300新竹市北區四維路17號
新竹市,北區,F773,新竹光華店,300新竹市北區光華二街72巷2號
新竹市,北區,F226,新竹成功店,300新竹市北區成功路163號
新竹市,北區,4065,新竹羽成店,300新竹市北區成德路89、91號
新竹市,北區,2787,新竹竹遠店,300新竹市北區西大路491、491-1號+集和街84號
新竹市,北區,3221,新竹竹鵬店,300新竹市北區延平路一段393號
新竹市,北區,3218,新竹竹湳店,300新竹市北區武陵路123號
新竹市,北區,4142,新竹金竹店,300新竹市北區金竹路121號
新竹市,北區,4292,新竹花漾店,300新竹市北區崧嶺路14、16、18號
新竹市,北區,2242,新竹境福店,300新竹市北區境福街128號
新竹市,北區,4420,新竹藍海店,300新竹市北區榮濱路81號
新竹市,香山區,4059,新竹美森店,300新竹市香山區大庄里17鄰香北一路110、116號
新竹市,香山區,4924,新竹五福店,300新竹市香山區五福路一段486號
新竹市,香山區,2297,新竹竹華店,300新竹市香山區五福路二段707號
新竹市,香山區,4048,新竹元大店,300新竹市香山區元培街306號
新竹市,香山區,4361,新竹草原店,300新竹市香山區元培街92號
新竹市,香山區,4807,新竹牛埔店,300新竹市香山區牛埔路193、195號
新竹市,香山區,4766,新竹玄奘店,300新竹市香山區玄奘路48號
新竹市,香山區,4367,新竹香山店,300新竹市香山區延平路二段319、321、323號
新竹市,香山區,4947,新竹南隘店,300新竹市香山區南隘路二段128號壹樓部份
新竹市,香山區,F617,新竹香北店,300新竹市香山區香北路150號
新竹市,香山區,4824,新竹浸水店,300新竹市香山區浸水街365號
新竹市,香山區,3931,新竹月光店,300新竹市香山區富群街19、21號
嘉義市,東區,4805,嘉義吳鳳南店,600嘉義市東區吳鳳南路635號
嘉義市,東區,4775,嘉義忠孝北店,600嘉義市東區忠孝北街109號
嘉義市,東區,4732,嘉義保建店,600嘉義市東區保建街40號&42號&46號壹樓全部
嘉義市,東區,3990,嘉義啟園店,600嘉義市東區啟明路283號
嘉義市,東區,4076,嘉義國興店,600嘉義市東區興業東路160號
嘉義市,東區,4185,嘉義嘉體店,600嘉義市東區體育路79號
嘉義市,西區,3852,嘉義國運店,600嘉義市西區中興路1號
嘉義市,西區,P382,嘉義站前店,600嘉義市西區仁愛路584號
嘉義市,西區,2210,嘉義嘉文店,600嘉義市西區文化路87號
嘉義市,西區,P370,嘉義義昌店,600嘉義市西區民族路652號
嘉義市,西區,2276,嘉義嘉業店,600嘉義市西區興業西路139號
